{
  "n_test": 1499,
  "hard_fraction": 0.6210807204803203,
  "probes": {
    "pred_P1_InputStats": {
      "bin_centers": [
        0.05,
        0.15000000000000002,
        0.25,
        0.35000000000000003,
        0.45,
        0.55,
        0.6500000000000001,
        0.75,
        0.8500000000000001,
        0.95
      ],
      "bin_pred_mean": [
        NaN,
        NaN,
        NaN,
        NaN,
        0.47114953895249134,
        0.5075168048503939,
        NaN,
        NaN,
        NaN,
        NaN
      ],
      "bin_actual_freq": [
        NaN,
        NaN,
        NaN,
        NaN,
        0.6190476190476191,
        0.6460176991150443,
        NaN,
        NaN,
        NaN,
        NaN
      ],
      "bin_count": [
        0,
        0,
        0,
        0,
        1386,
        113,
        0,
        0,
        0,
        0
      ],
      "ece": 0.14718968650016848,
      "brier": 0.256977770252246
    },
    "pred_P2_InputStats_Raw": {
      "bin_centers": [
        0.05,
        0.15000000000000002,
        0.25,
        0.35000000000000003,
        0.45,
        0.55,
        0.6500000000000001,
        0.75,
        0.8500000000000001,
        0.95
      ],
      "bin_pred_mean": [
        0.031390960303940674,
        0.1499611958511058,
        0.24983093365832723,
        0.3494562617315444,
        0.4528315526505533,
        0.548920988408811,
        0.6560807334478854,
        0.7556456936840956,
        0.8493678882818277,
        0.966681888474004
      ],
      "bin_actual_freq": [
        0.6227106227106227,
        0.7184466019417476,
        0.6444444444444445,
        0.6333333333333333,
        0.6388888888888888,
        0.6304347826086957,
        0.5876288659793815,
        0.6907216494845361,
        0.620253164556962,
        0.5761124121779859
      ],
      "bin_count": [
        273,
        103,
        90,
        90,
        72,
        92,
        97,
        97,
        158,
        427
      ],
      "ece": 0.34546669147001474,
      "brier": 0.3861561835906147
    },
    "pred_P3_InputStats_SAE": {
      "bin_centers": [
        0.05,
        0.15000000000000002,
        0.25,
        0.35000000000000003,
        0.45,
        0.55,
        0.6500000000000001,
        0.75,
        0.8500000000000001,
        0.95
      ],
      "bin_pred_mean": [
        0.015197980221513658,
        0.1461176650909574,
        0.2476014401972457,
        0.34518987017280406,
        0.4446331862642552,
        0.5553166111631025,
        0.6508123062276007,
        0.7605253426988609,
        0.8533745682742877,
        0.9823771104628383
      ],
      "bin_actual_freq": [
        0.6266094420600858,
        0.6190476190476191,
        0.6,
        0.6097560975609756,
        0.625,
        0.6,
        0.5526315789473685,
        0.5641025641025641,
        0.6043956043956044,
        0.6311475409836066
      ],
      "bin_count": [
        466,
        84,
        50,
        41,
        40,
        40,
        38,
        39,
        91,
        610
      ],
      "ece": 0.40721246688611645,
      "brier": 0.4269329802983201
    },
    "pred_P4_RawOnly": {
      "bin_centers": [
        0.05,
        0.15000000000000002,
        0.25,
        0.35000000000000003,
        0.45,
        0.55,
        0.6500000000000001,
        0.75,
        0.8500000000000001,
        0.95
      ],
      "bin_pred_mean": [
        NaN,
        NaN,
        NaN,
        NaN,
        0.49363034400464717,
        0.5079546497230877,
        NaN,
        NaN,
        NaN,
        NaN
      ],
      "bin_actual_freq": [
        NaN,
        NaN,
        NaN,
        NaN,
        0.6319875776397516,
        0.6128654970760234,
        NaN,
        NaN,
        NaN,
        NaN
      ],
      "bin_count": [
        0,
        0,
        0,
        0,
        644,
        855,
        0,
        0,
        0,
        0
      ],
      "ece": 0.11928007534874402,
      "brier": 0.25024697389901684
    },
    "pred_P5_SAEOnly": {
      "bin_centers": [
        0.05,
        0.15000000000000002,
        0.25,
        0.35000000000000003,
        0.45,
        0.55,
        0.6500000000000001,
        0.75,
        0.8500000000000001,
        0.95
      ],
      "bin_pred_mean": [
        0.015560031302580662,
        0.15097697426851428,
        0.25215922550141934,
        0.347797870346181,
        0.44667571759367314,
        0.5539539125141985,
        0.652431400613395,
        0.75248476729862,
        0.8503433945209,
        0.9834607303923314
      ],
      "bin_actual_freq": [
        0.6430107526881721,
        0.5822784810126582,
        0.6363636363636364,
        0.55,
        0.6071428571428571,
        0.6410256410256411,
        0.46938775510204084,
        0.6290322580645161,
        0.6575342465753424,
        0.6190476190476191
      ],
      "bin_count": [
        465,
        79,
        55,
        40,
        28,
        39,
        49,
        62,
        73,
        609
      ],
      "ece": 0.4106547407548444,
      "brier": 0.4306258671452039
    }
  }
}