{
  "n_test": 300,
  "hard_fraction": 0.6666666666666666,
  "probes": {
    "pred_P1_InputStats": {
      "bin_centers": [
        0.05,
        0.15000000000000002,
        0.25,
        0.35000000000000003,
        0.45,
        0.55,
        0.6500000000000001,
        0.75,
        0.8500000000000001,
        0.95
      ],
      "bin_pred_mean": [
        NaN,
        NaN,
        NaN,
        0.35564812930878625,
        0.47305074104982525,
        0.527916343967592,
        0.6038495341136345,
        NaN,
        NaN,
        NaN
      ],
      "bin_actual_freq": [
        NaN,
        NaN,
        NaN,
        1.0,
        0.656934306569343,
        0.6770186335403726,
        0.0,
        NaN,
        NaN,
        NaN
      ],
      "bin_count": [
        0,
        0,
        0,
        1,
        137,
        161,
        1,
        0,
        0,
        0
      ],
      "ece": 0.16815239500732154,
      "brier": 0.25003783568842275
    },
    "pred_P2_InputStats_Raw": {
      "bin_centers": [
        0.05,
        0.15000000000000002,
        0.25,
        0.35000000000000003,
        0.45,
        0.55,
        0.6500000000000001,
        0.75,
        0.8500000000000001,
        0.95
      ],
      "bin_pred_mean": [
        NaN,
        NaN,
        NaN,
        NaN,
        NaN,
        0.5,
        NaN,
        NaN,
        NaN,
        NaN
      ],
      "bin_actual_freq": [
        NaN,
        NaN,
        NaN,
        NaN,
        NaN,
        0.6666666666666666,
        NaN,
        NaN,
        NaN,
        NaN
      ],
      "bin_count": [
        0,
        0,
        0,
        0,
        0,
        300,
        0,
        0,
        0,
        0
      ],
      "ece": 0.16666666666666663,
      "brier": 0.25
    },
    "pred_P3_InputStats_SAE": {
      "bin_centers": [
        0.05,
        0.15000000000000002,
        0.25,
        0.35000000000000003,
        0.45,
        0.55,
        0.6500000000000001,
        0.75,
        0.8500000000000001,
        0.95
      ],
      "bin_pred_mean": [
        0.03197417263941688,
        0.14696152385359065,
        0.24889783234104434,
        0.3579339938046448,
        0.44817989712901124,
        0.5466688766819299,
        0.6523311998726238,
        0.7570955347688348,
        0.8659765443388051,
        0.9673229915072388
      ],
      "bin_actual_freq": [
        0.6811594202898551,
        0.7222222222222222,
        0.4375,
        0.8,
        0.6875,
        0.6923076923076923,
        0.5882352941176471,
        0.6,
        0.6071428571428571,
        0.7108433734939759
      ],
      "bin_count": [
        69,
        18,
        16,
        15,
        16,
        13,
        17,
        25,
        28,
        83
      ],
      "ece": 0.34690565328900935,
      "brier": 0.37781081901640834
    },
    "pred_P4_RawOnly": {
      "bin_centers": [
        0.05,
        0.15000000000000002,
        0.25,
        0.35000000000000003,
        0.45,
        0.55,
        0.6500000000000001,
        0.75,
        0.8500000000000001,
        0.95
      ],
      "bin_pred_mean": [
        NaN,
        NaN,
        NaN,
        NaN,
        NaN,
        0.5,
        NaN,
        NaN,
        NaN,
        NaN
      ],
      "bin_actual_freq": [
        NaN,
        NaN,
        NaN,
        NaN,
        NaN,
        0.6666666666666666,
        NaN,
        NaN,
        NaN,
        NaN
      ],
      "bin_count": [
        0,
        0,
        0,
        0,
        0,
        300,
        0,
        0,
        0,
        0
      ],
      "ece": 0.16666666666666663,
      "brier": 0.25
    },
    "pred_P5_SAEOnly": {
      "bin_centers": [
        0.05,
        0.15000000000000002,
        0.25,
        0.35000000000000003,
        0.45,
        0.55,
        0.6500000000000001,
        0.75,
        0.8500000000000001,
        0.95
      ],
      "bin_pred_mean": [
        0.031742901205676737,
        0.1552590183747704,
        0.26052073191719455,
        0.34709051780904954,
        0.46057335392888504,
        0.545943857328285,
        0.6689295993021201,
        0.7448639797225245,
        0.8492354108163642,
        0.9644686817846405
      ],
      "bin_actual_freq": [
        0.6944444444444444,
        0.6470588235294118,
        0.5454545454545454,
        0.75,
        0.7222222222222222,
        0.5625,
        0.6363636363636364,
        0.6086956521739131,
        0.6,
        0.6976744186046512
      ],
      "bin_count": [
        72,
        17,
        11,
        16,
        18,
        16,
        11,
        23,
        30,
        86
      ],
      "ece": 0.3484732515357505,
      "brier": 0.3831178321786597
    }
  }
}