{
  "n_test": 1499,
  "hard_fraction": 0.6210807204803203,
  "probes": {
    "pred_P1_InputStats": {
      "bin_centers": [
        0.05,
        0.15000000000000002,
        0.25,
        0.35000000000000003,
        0.45,
        0.55,
        0.6500000000000001,
        0.75,
        0.8500000000000001,
        0.95
      ],
      "bin_pred_mean": [
        NaN,
        NaN,
        NaN,
        NaN,
        0.47114970731092837,
        0.507516840253405,
        NaN,
        NaN,
        NaN,
        NaN
      ],
      "bin_actual_freq": [
        NaN,
        NaN,
        NaN,
        NaN,
        0.6190476190476191,
        0.6460176991150443,
        NaN,
        NaN,
        NaN,
        NaN
      ],
      "bin_count": [
        0,
        0,
        0,
        0,
        1386,
        113,
        0,
        0,
        0,
        0
      ],
      "ece": 0.1471895281643886,
      "brier": 0.2569777183897093
    },
    "pred_P2_InputStats_Raw": {
      "bin_centers": [
        0.05,
        0.15000000000000002,
        0.25,
        0.35000000000000003,
        0.45,
        0.55,
        0.6500000000000001,
        0.75,
        0.8500000000000001,
        0.95
      ],
      "bin_pred_mean": [
        0.031388951671738934,
        0.1499530988666127,
        0.24981361480178274,
        0.34943248564510376,
        0.45283698117717364,
        0.5489115249641011,
        0.6560607873413156,
        0.7556463557249141,
        0.8493625333572915,
        0.9666811432859131
      ],
      "bin_actual_freq": [
        0.6227106227106227,
        0.7184466019417476,
        0.6444444444444445,
        0.6333333333333333,
        0.6388888888888888,
        0.6304347826086957,
        0.5876288659793815,
        0.6907216494845361,
        0.620253164556962,
        0.5761124121779859
      ],
      "bin_count": [
        273,
        103,
        90,
        90,
        72,
        92,
        97,
        97,
        158,
        427
      ],
      "ece": 0.345468376490755,
      "brier": 0.3861581140205776
    },
    "pred_P3_InputStats_SAE": {
      "bin_centers": [
        0.05,
        0.15000000000000002,
        0.25,
        0.35000000000000003,
        0.45,
        0.55,
        0.6500000000000001,
        0.75,
        0.8500000000000001,
        0.95
      ],
      "bin_pred_mean": [
        NaN,
        NaN,
        NaN,
        NaN,
        NaN,
        0.5026864556999041,
        NaN,
        NaN,
        NaN,
        NaN
      ],
      "bin_actual_freq": [
        NaN,
        NaN,
        NaN,
        NaN,
        NaN,
        0.6210807204803203,
        NaN,
        NaN,
        NaN,
        NaN
      ],
      "bin_count": [
        0,
        0,
        0,
        0,
        0,
        1499,
        0,
        0,
        0,
        0
      ],
      "ece": 0.11839426478041615,
      "brier": 0.24935666106086188
    },
    "pred_P4_RawOnly": {
      "bin_centers": [
        0.05,
        0.15000000000000002,
        0.25,
        0.35000000000000003,
        0.45,
        0.55,
        0.6500000000000001,
        0.75,
        0.8500000000000001,
        0.95
      ],
      "bin_pred_mean": [
        NaN,
        NaN,
        NaN,
        NaN,
        0.49362984214673855,
        0.5079548575465976,
        NaN,
        NaN,
        NaN,
        NaN
      ],
      "bin_actual_freq": [
        NaN,
        NaN,
        NaN,
        NaN,
        0.6319875776397516,
        0.6128654970760234,
        NaN,
        NaN,
        NaN,
        NaN
      ],
      "bin_count": [
        0,
        0,
        0,
        0,
        644,
        855,
        0,
        0,
        0,
        0
      ],
      "ece": 0.11928017241838522,
      "brier": 0.25024704907670275
    },
    "pred_P5_SAEOnly": {
      "bin_centers": [
        0.05,
        0.15000000000000002,
        0.25,
        0.35000000000000003,
        0.45,
        0.55,
        0.6500000000000001,
        0.75,
        0.8500000000000001,
        0.95
      ],
      "bin_pred_mean": [
        NaN,
        NaN,
        NaN,
        NaN,
        NaN,
        0.5026861871110918,
        NaN,
        NaN,
        NaN,
        NaN
      ],
      "bin_actual_freq": [
        NaN,
        NaN,
        NaN,
        NaN,
        NaN,
        0.6210807204803203,
        NaN,
        NaN,
        NaN,
        NaN
      ],
      "bin_count": [
        0,
        0,
        0,
        0,
        0,
        1499,
        0,
        0,
        0,
        0
      ],
      "ece": 0.11839453336922845,
      "brier": 0.2493567246596839
    }
  }
}