{
  "n_windows": 1499,
  "always_cheap": {
    "mean_error": 0.6210807204803203,
    "cost": 1.0
  },
  "always_base": {
    "mean_error": 0.390927284856571,
    "cost": 5.0
  },
  "win_rate_base": 0.2408272181454303,
  "random_curve": [
    [
      1.0,
      0.6210807204803203,
      0.0
    ],
    [
      1.200133422281521,
      0.6097184789859907,
      0.05
    ],
    [
      1.400266844563042,
      0.5980066711140761,
      0.1
    ],
    [
      1.600400266844563,
      0.5864216144096064,
      0.15000000000000002
    ],
    [
      1.8005336891260841,
      0.5748525683789193,
      0.2
    ],
    [
      2.000667111407605,
      0.5634009339559707,
      0.25
    ],
    [
      2.200800533689126,
      0.5518932621747832,
      0.30000000000000004
    ],
    [
      2.4009339559706477,
      0.5401961307538359,
      0.35000000000000003
    ],
    [
      2.6010673782521683,
      0.5287311541027352,
      0.4
    ],
    [
      2.8012008005336897,
      0.5175356904603068,
      0.45
    ],
    [
      3.0013342228152107,
      0.5055010006671115,
      0.5
    ],
    [
      3.1987991994663103,
      0.49454969979986657,
      0.55
    ],
    [
      3.3989326217478317,
      0.4828565710473649,
      0.6000000000000001
    ],
    [
      3.599066044029352,
      0.4713795863909273,
      0.65
    ],
    [
      3.799199466310874,
      0.4600560373582388,
      0.7000000000000001
    ],
    [
      3.9993328885923938,
      0.448704469646431,
      0.75
    ],
    [
      4.199466310873916,
      0.4370140093395597,
      0.8
    ],
    [
      4.399599733155438,
      0.4252101400933956,
      0.8500000000000001
    ],
    [
      4.599733155436958,
      0.41378385590393596,
      0.9
    ],
    [
      4.799866577718478,
      0.40249499666444294,
      0.9500000000000001
    ],
    [
      5.0,
      0.39092728485657097,
      1.0
    ]
  ],
  "oracle_curve": [
    [
      1.0,
      0.6210807204803203,
      0.0
    ],
    [
      1.200133422281521,
      0.57104736490994,
      0.05
    ],
    [
      1.400266844563042,
      0.5210140093395597,
      0.1
    ],
    [
      1.600400266844563,
      0.47098065376917947,
      0.15000000000000002
    ],
    [
      1.8005336891260841,
      0.4209472981987992,
      0.2
    ],
    [
      2.000667111407605,
      0.3802535023348899,
      0.25
    ],
    [
      2.200800533689126,
      0.3802535023348899,
      0.30000000000000004
    ],
    [
      2.4009339559706473,
      0.3802535023348899,
      0.35000000000000003
    ],
    [
      2.6010673782521683,
      0.3802535023348899,
      0.4
    ],
    [
      2.8012008005336893,
      0.3802535023348899,
      0.45
    ],
    [
      3.0013342228152102,
      0.3802535023348899,
      0.5
    ],
    [
      3.1987991994663107,
      0.3802535023348899,
      0.55
    ],
    [
      3.3989326217478317,
      0.3802535023348899,
      0.6000000000000001
    ],
    [
      3.5990660440293527,
      0.3802535023348899,
      0.65
    ],
    [
      3.799199466310874,
      0.3802535023348899,
      0.7000000000000001
    ],
    [
      3.999332888592395,
      0.3802535023348899,
      0.75
    ],
    [
      4.199466310873916,
      0.3802535023348899,
      0.8
    ],
    [
      4.399599733155437,
      0.3802535023348899,
      0.8500000000000001
    ],
    [
      4.599733155436958,
      0.3802535023348899,
      0.9
    ],
    [
      4.799866577718479,
      0.3802535023348899,
      0.9500000000000001
    ],
    [
      5.0,
      0.390927284856571,
      1.0
    ]
  ],
  "probes": {
    "pred_P3_InputStats_SAE": {
      "frontier": [
        {
          "tau": 0.0,
          "frac_to_base": 1.0,
          "mean_cost": 5.0,
          "mean_error": 0.390927284856571
        },
        {
          "tau": 0.025,
          "frac_to_base": 0.7605070046697798,
          "mean_cost": 4.04202801867912,
          "mean_error": 0.44896597731821214
        },
        {
          "tau": 0.05,
          "frac_to_base": 0.7211474316210807,
          "mean_cost": 3.884589726484323,
          "mean_error": 0.45830553702468313
        },
        {
          "tau": 0.07500000000000001,
          "frac_to_base": 0.704469646430954,
          "mean_cost": 3.817878585723816,
          "mean_error": 0.4629753168779186
        },
        {
          "tau": 0.1,
          "frac_to_base": 0.6891260840560374,
          "mean_cost": 3.7565043362241495,
          "mean_error": 0.4656437625083389
        },
        {
          "tau": 0.125,
          "frac_to_base": 0.6744496330887259,
          "mean_cost": 3.6977985323549034,
          "mean_error": 0.466977985323549
        },
        {
          "tau": 0.15000000000000002,
          "frac_to_base": 0.6577718478985991,
          "mean_cost": 3.6310873915943964,
          "mean_error": 0.46897931954636424
        },
        {
          "tau": 0.17500000000000002,
          "frac_to_base": 0.6437625083388926,
          "mean_cost": 3.5750500333555704,
          "mean_error": 0.47164776517678453
        },
        {
          "tau": 0.2,
          "frac_to_base": 0.6330887258172114,
          "mean_cost": 3.5323549032688457,
          "mean_error": 0.4749833222148099
        },
        {
          "tau": 0.225,
          "frac_to_base": 0.6237491661107405,
          "mean_cost": 3.494996664442962,
          "mean_error": 0.47631754503002
        },
        {
          "tau": 0.25,
          "frac_to_base": 0.6150767178118746,
          "mean_cost": 3.4603068712474983,
          "mean_error": 0.4783188792528352
        },
        {
          "tau": 0.275,
          "frac_to_base": 0.6077384923282189,
          "mean_cost": 3.4309539693128754,
          "mean_error": 0.4789859906604403
        },
        {
          "tau": 0.30000000000000004,
          "frac_to_base": 0.5997331554369579,
          "mean_cost": 3.3989326217478317,
          "mean_error": 0.4816544362908606
        },
        {
          "tau": 0.325,
          "frac_to_base": 0.5923949299533022,
          "mean_cost": 3.369579719813209,
          "mean_error": 0.4836557705136758
        },
        {
          "tau": 0.35000000000000003,
          "frac_to_base": 0.5837224816544363,
          "mean_cost": 3.334889926617745,
          "mean_error": 0.4849899933288859
        },
        {
          "tau": 0.375,
          "frac_to_base": 0.5783855903935957,
          "mean_cost": 3.313542361574383,
          "mean_error": 0.48632421614409604
        },
        {
          "tau": 0.4,
          "frac_to_base": 0.5723815877251501,
          "mean_cost": 3.2895263509006005,
          "mean_error": 0.4876584389593062
        },
        {
          "tau": 0.42500000000000004,
          "frac_to_base": 0.5650433622414943,
          "mean_cost": 3.2601734489659773,
          "mean_error": 0.4896597731821214
        },
        {
          "tau": 0.45,
          "frac_to_base": 0.5563709139426284,
          "mean_cost": 3.2254836557705135,
          "mean_error": 0.4923282188125417
        },
        {
          "tau": 0.47500000000000003,
          "frac_to_base": 0.5496997998665777,
          "mean_cost": 3.1987991994663107,
          "mean_error": 0.4943295530353569
        },
        {
          "tau": 0.5,
          "frac_to_base": 0.5456971314209473,
          "mean_cost": 3.1827885256837893,
          "mean_error": 0.494996664442962
        },
        {
          "tau": 0.525,
          "frac_to_base": 0.5410273515677118,
          "mean_cost": 3.164109406270847,
          "mean_error": 0.4969979986657772
        },
        {
          "tau": 0.55,
          "frac_to_base": 0.5330220146764509,
          "mean_cost": 3.1320880587058038,
          "mean_error": 0.4989993328885924
        },
        {
          "tau": 0.5750000000000001,
          "frac_to_base": 0.5276851234156104,
          "mean_cost": 3.1107404936624414,
          "mean_error": 0.49966644429619744
        },
        {
          "tau": 0.6000000000000001,