{
  "n_windows": 299,
  "always_cheap": {
    "mean_error": 0.3076923076923077,
    "cost": 1.0
  },
  "always_base": {
    "mean_error": 0.27424749163879597,
    "cost": 5.0
  },
  "win_rate_base": 0.056856187290969896,
  "random_curve": [
    [
      1.0,
      0.3076923076923076,
      0.0
    ],
    [
      1.2006688963210703,
      0.3062006688963211,
      0.05
    ],
    [
      1.4013377926421406,
      0.3040936454849498,
      0.1
    ],
    [
      1.602006688963211,
      0.3028963210702341,
      0.15000000000000002
    ],
    [
      1.8026755852842804,
      0.30106354515050165,
      0.2
    ],
    [
      2.003344481605352,
      0.29894314381270903,
      0.25
    ],
    [
      2.204013377926422,
      0.29753846153846153,
      0.30000000000000004
    ],
    [
      2.4046822742474916,
      0.29626755852842807,
      0.35000000000000003
    ],
    [
      2.605351170568561,
      0.2943478260869565,
      0.4
    ],
    [
      2.8060200668896322,
      0.2923612040133779,
      0.45
    ],
    [
      3.006688963210702,
      0.29127090301003344,
      0.5
    ],
    [
      3.1939799331103678,
      0.28933110367892984,
      0.55
    ],
    [
      3.394648829431439,
      0.2879866220735786,
      0.6000000000000001
    ],
    [
      3.5953177257525084,
      0.28581939799331096,
      0.65
    ],
    [
      3.795986622073578,
      0.2848896321070234,
      0.7000000000000001
    ],
    [
      3.9966555183946477,
      0.28271571906354515,
      0.75
    ],
    [
      4.197324414715719,
      0.2810167224080267,
      0.8
    ],
    [
      4.3979933110367915,
      0.27935785953177256,
      0.8500000000000001
    ],
    [
      4.59866220735786,
      0.2772107023411371,
      0.9
    ],
    [
      4.799331103678929,
      0.27595986622073576,
      0.9500000000000001
    ],
    [
      5.0,
      0.2742474916387959,
      1.0
    ]
  ],
  "oracle_curve": [
    [
      1.0,
      0.3076923076923077,
      0.0
    ],
    [
      1.2006688963210703,
      0.25752508361204013,
      0.05
    ],
    [
      1.4013377926421404,
      0.2508361204013378,
      0.1
    ],
    [
      1.6020066889632107,
      0.2508361204013378,
      0.15000000000000002
    ],
    [
      1.8026755852842808,
      0.2508361204013378,
      0.2
    ],
    [
      2.0033444816053514,
      0.2508361204013378,
      0.25
    ],
    [
      2.2040133779264215,
      0.2508361204013378,
      0.30000000000000004
    ],
    [
      2.4046822742474916,
      0.2508361204013378,
      0.35000000000000003
    ],
    [
      2.6053511705685617,
      0.2508361204013378,
      0.4
    ],
    [
      2.8060200668896322,
      0.2508361204013378,
      0.45
    ],
    [
      3.0066889632107023,
      0.2508361204013378,
      0.5
    ],
    [
      3.1939799331103678,
      0.2508361204013378,
      0.55
    ],
    [
      3.3946488294314383,
      0.2508361204013378,
      0.6000000000000001
    ],
    [
      3.5953177257525084,
      0.2508361204013378,
      0.65
    ],
    [
      3.7959866220735785,
      0.2508361204013378,
      0.7000000000000001
    ],
    [
      3.9966555183946486,
      0.2508361204013378,
      0.75
    ],
    [
      4.197324414715719,
      0.2508361204013378,
      0.8
    ],
    [
      4.39799331103679,
      0.2508361204013378,
      0.8500000000000001
    ],
    [
      4.59866220735786,
      0.2508361204013378,
      0.9
    ],
    [
      4.79933110367893,
      0.2508361204013378,
      0.9500000000000001
    ],
    [
      5.0,
      0.27424749163879597,
      1.0
    ]
  ],
  "probes": {
    "pred_P3_InputStats_SAE": {
      "frontier": [
        {
          "tau": 0.0,
          "frac_to_base": 1.0,
          "mean_cost": 5.0,
          "mean_error": 0.27424749163879597
        },
        {
          "tau": 0.025,
          "frac_to_base": 1.0,
          "mean_cost": 5.0,
          "mean_error": 0.27424749163879597
        },
        {
          "tau": 0.05,
          "frac_to_base": 1.0,
          "mean_cost": 5.0,
          "mean_error": 0.27424749163879597
        },
        {
          "tau": 0.07500000000000001,
          "frac_to_base": 1.0,
          "mean_cost": 5.0,
          "mean_error": 0.27424749163879597
        },
        {
          "tau": 0.1,
          "frac_to_base": 0.6923076923076923,
          "mean_cost": 3.769230769230769,
          "mean_error": 0.2709030100334448
        },
        {
          "tau": 0.125,
          "frac_to_base": 0.6321070234113713,
          "mean_cost": 3.528428093645485,
          "mean_error": 0.2709030100334448
        },
        {
          "tau": 0.15000000000000002,
          "frac_to_base": 0.5618729096989966,
          "mean_cost": 3.2474916387959865,
          "mean_error": 0.27424749163879597
        },
        {
          "tau": 0.17500000000000002,
          "frac_to_base": 0.5016722408026756,
          "mean_cost": 3.0066889632107023,
          "mean_error": 0.2809364548494983
        },
        {
          "tau": 0.2,
          "frac_to_base": 0.46153846153846156,
          "mean_cost": 2.8461538461538463,
          "mean_error": 0.27759197324414714
        },
        {
          "tau": 0.225,
          "frac_to_base": 0.4180602006688963,
          "mean_cost": 2.6722408026755855,
          "mean_error": 0.27759197324414714
        },
        {
          "tau": 0.25,
          "frac_to_base": 0.38127090301003347,
          "mean_cost": 2.5250836120401337,
          "mean_error": 0.27759197324414714
        },
        {
          "tau": 0.275,
          "frac_to_base": 0.35451505016722407,
          "mean_cost": 2.4180602006688963,
          "mean_error": 0.27424749163879597
        },
        {
          "tau": 0.30000000000000004,
          "frac_to_base": 0.3377926421404682,
          "mean_cost": 2.351170568561873,
          "mean_error": 0.27424749163879597
        },
        {
          "tau": 0.325,
          "frac_to_base": 0.3110367892976589,
          "mean_cost": 2.2441471571906355,
          "mean_error": 0.27424749163879597
        },
        {
          "tau": 0.35000000000000003,
          "frac_to_base": 0.2976588628762542,
          "mean_cost": 2.190635451505017,
          "mean_error": 0.27424749163879597
        },
        {
          "tau": 0.375,
          "frac_to_base": 0.2809364548494983,
          "mean_cost": 2.1237458193979935,
          "mean_error": 0.27759197324414714
        },
        {
          "tau": 0.4,
          "frac_to_base": 0.25752508361204013,
          "mean_cost": 2.0301003344481607,
          "mean_error": 0.2809364548494983
        },
        {
          "tau": 0.42500000000000004,
          "frac_to_base": 0.24749163879598662,
          "mean_cost": 1.9899665551839465,
          "mean_error": 0.2809364548494983
        },
        {
          "tau": 0.45,
          "frac_to_base": 0.23745819397993312,
          "mean_cost": 1.9498327759197325,
          "mean_error": 0.2809364548494983
        },
        {
          "tau": 0.47500000000000003,
          "frac_to_base": 0.23076923076923078,
          "mean_cost": 1.9230769230769231,
          "mean_error": 0.2809364548494983
        },
        {
          "tau": 0.5,
          "frac_to_base": 0.22408026755852842,
          "mean_cost": 1.8963210702341138,
          "mean_error": 0.2842809364548495
        },
        {
          "tau": 0.525,
          "frac_to_base": 0.20735785953177258,
          "mean_cost": 1.8294314381270902,
          "mean_error": 0.28762541806020064
        },
        {
          "tau": 0.55,
          "frac_to_base": 0.20735785953177258,
          "mean_cost": 1.8294314381270902,
          "mean_error": 0.28762541806020064
        },
        {
          "tau": 0.5750000000000001,
          "frac_to_base": 0.20735785953177258,
          "mean_cost": 1.8294314381270902,
          "mean_error": 0.28762541806020064
        },
        {
          "tau": 0.6000000000000001,
          "frac_to_base": 0.19063545150501673,