{
  "P1_InputStats": {
    "raw": {
      "ece": 0.14718767288084553,
      "brier": 0.25697716851773456,
      "auroc": 0.5093701305577828
    },
    "platt": {
      "ece": 0.0175321928475821,
      "brier": 0.23554645732144205,
      "auroc": 0.5093701305577828
    },
    "isotonic": {
      "ece": 0.02846900855052433,
      "brier": 0.23547732823012865,
      "auroc": 0.5217697160406046
    }
  },
  "P3_InputStats_SAE": {
    "raw": {
      "ece": 0.25244750589030446,
      "brier": 0.3353358254941976,
      "auroc": 0.4999810895447875
    },
    "platt": {
      "ece": 0.0027896393441827483,
      "brier": 0.23539991856915696,
      "auroc": 0.4999810895447875
    },
    "isotonic": {
      "ece": 0.032190893065398817,
      "brier": 0.24215252966792308,
      "auroc": 0.4943599567328784
    }
  }
}