{
  "P1_InputStats": {
    "raw": {
      "ece": 0.16292439105143863,
      "brier": 0.2509302999326355,
      "auroc": 0.5158499999999999
    },
    "platt": {
      "ece": 0.07320010511377711,
      "brier": 0.22784366336791853,
      "auroc": 0.5158499999999999
    },
    "isotonic": {
      "ece": 0.07911530530085761,
      "brier": 0.23351992872049976,
      "auroc": 0.50365
    }
  },
  "P3_InputStats_SAE": {
    "raw": {
      "ece": 0.23634476348837644,
      "brier": 0.3100724880299963,
      "auroc": 0.501775
    },
    "platt": {
      "ece": 0.08116274560160155,
      "brier": 0.22951256150379096,
      "auroc": 0.5017999999999999
    },
    "isotonic": {
      "ece": 0.11200184624886875,
      "brier": 0.24230484322637555,
      "auroc": 0.4887249999999999
    }
  }
}