{
  "P1_InputStats": {
    "raw": {
      "ece": 0.14718767288084553,
      "brier": 0.25697716851773456,
      "auroc": 0.5093701305577828
    },
    "platt": {
      "ece": 0.0175321928475821,
      "brier": 0.23554645732144205,
      "auroc": 0.5093701305577828
    },
    "isotonic": {
      "ece": 0.02846900855052433,
      "brier": 0.23547732823012865,
      "auroc": 0.5217697160406046
    }
  },
  "P3_InputStats_SAE": {
    "raw": {
      "ece": 0.2160966940463167,
      "brier": 0.30654481062390765,
      "auroc": 0.5012272885432898
    },
    "platt": {
      "ece": 0.0027001271783709813,
      "brier": 0.2353537336262144,
      "auroc": 0.4987727114567102
    },
    "isotonic": {
      "ece": 0.003546461301129963,
      "brier": 0.2355552464023653,
      "auroc": 0.49670768974750756
    }
  }
}