{
  "n_test": 299,
  "mean_error_no_abstention": 0.3076923076923077,
  "coverages": [
    0.1,
    0.15,
    0.2,
    0.25,
    0.3,
    0.35,
    0.4,
    0.45,
    0.5,
    0.55,
    0.6,
    0.65,
    0.7,
    0.75,
    0.8,
    0.85,
    0.9,
    0.95,
    1.0
  ],
  "oracle_curve": [
    0.0,
    0.0,
    0.0,
    0.0,
    0.0,
    0.0,
    0.0,
    0.0,
    0.0,
    0.0,
    0.0,
    0.0,
    0.009569377990430622,
    0.07589285714285714,
    0.13389121338912133,
    0.18503937007874016,
    0.23048327137546468,
    0.2711267605633803,
    0.3076923076923077
  ],
  "oracle_aurc": 0.0529924502193074,
  "random_curve": [
    0.3063499999999994,
    0.30750000000000205,
    0.3081250000000022,
    0.30800666666666543,
    0.3085777777777781,
    0.30885714285714244,
    0.308570833333333,
    0.30856296296296537,
    0.30891999999999953,
    0.30875914634146245,
    0.30859497206703806,
    0.3082242268041221,
    0.30834449760765414,
    0.3083258928571429,
    0.30826359832635963,
    0.3080413385826786,
    0.30806505576208154,
    0.3079471830985891,
    0.3076923076923083
  ],
  "random_aurc": 0.2774353724445585,
  "probes": {
    "pred_P1_InputStats": {
      "curve": [
        0.0,
        0.0,
        0.06666666666666667,
        0.09333333333333334,
        0.08888888888888889,
        0.08571428571428572,
        0.075,
        0.08148148148148149,
        0.09333333333333334,
        0.10365853658536585,
        0.11731843575418995,
        0.12371134020618557,
        0.11961722488038277,
        0.12946428571428573,
        0.14225941422594143,
        0.18503937007874016,
        0.23048327137546468,
        0.2711267605633803,
        0.3076923076923077
      ],
      "ci95_lower": [
        0.0,
        0.0,
        0.016666666666666666,
        0.02666666666666667,
        0.03333333333333333,
        0.0380952380952381,
        0.03333333333333333,
        0.037037037037037035,
        0.04666666666666667,
        0.06097560975609756,
        0.07262569832402235,
        0.07731958762886598,
        0.07655502392344497,
        0.08482142857142858,
        0.100418410041841,
        0.1377952755905512,
        0.1821561338289963,
        0.21830985915492956,
        0.25752508361204013
      ],
      "ci95_upper": [
        0.0,
        0.0,
        0.13333333333333333,
        0.16,
        0.15555555555555556,
        0.14285714285714285,
        0.125,
        0.13333333333333333,
        0.14666666666666667,
        0.1524390243902439,
        0.16759776536312848,
        0.17010309278350516,
        0.16267942583732056,
        0.17410714285714285,
        0.18828451882845187,
        0.232381889763779,
        0.2825278810408922,
        0.323943661971831,
        0.35785953177257523
      ],
      "aurc": 0.10804713913240399
    },
    "pred_P2_InputStats_Raw": {
      "curve": [
        0.16666666666666666,
        0.17777777777777778,
        0.16666666666666666,
        0.18666666666666668,
        0.18888888888888888,
        0.19047619047619047,
        0.175,
        0.17037037037037037,
        0.17333333333333334,
        0.18902439024390244,
        0.2011173184357542,
        0.21649484536082475,
        0.21052631578947367,
        0.20982142857142858,
        0.21338912133891214,
        0.2283464566929134,
        0.241635687732342,
        0.2746478873239437,
        0.3076923076923077
      ],
      "ci95_lower": [
        0.03333333333333333,
        0.06666666666666667,
        0.08333333333333333,
        0.10666666666666667,
        0.1111111111111111,
        0.12357142857142858,
        0.11666666666666667,
        0.1111111111111111,
        0.11983333333333333,
        0.12804878048780488,
        0.1452513966480447,
        0.15979381443298968,
        0.15789473684210525,
        0.16071428571428573,
        0.16317991631799164,
        0.18110236220472442,
        0.19330855018587362,
        0.22183098591549297,
        0.25752508361204013
      ],
      "ci95_upper": [
        0.3,
        0.28888888888888886,
        0.25,
        0.26666666666666666,
        0.2777777777777778,
        0.26666666666666666,
        0.24166666666666667,
        0.23703703703703705,
        0.24,
        0.25,
        0.26256983240223464,
        0.27835051546391754,
        0.2631578947368421,
        0.26785714285714285,
        0.26778242677824265,
        0.2795275590551181,
        0.2936802973977695,
        0.3274647887323944,
        0.3612040133779264
      ],
      "aurc": 0.18256814164244384
    },
    "pred_P3_InputStats_SAE": {
      "curve": [
        0.0,
        0.0,
        0.0,
        0.16,
        0.17777777777777778,
        0.17142857142857143,
        0.16666666666666666,
        0.2074074074074074,
        0.20666666666666667,
        0.2073170731707317,
        0.20670391061452514,
        0.1958762886597938,
        0.20574162679425836,
        0.21428571428571427,
        0.2301255230125523,
        0.24803149606299213,
        0.26765799256505574,
        0.2852112676056338,
        0.3076923076923077
      ],
      "ci95_lower": [
        0.0,
        0.0,
        0.0,
        0.08,
        0.1,
        0.10476190476190476,
        0.1,
        0.14796296296296296,
        0.14666666666666667,
        0.14634146341463414,
        0.15083798882681565,
        0.14432989690721648,
        0.14832535885167464,
        0.16071428571428573,
        0.17573221757322174,
        0.1968503937007874,
        0.21561338289962825,
        0.23591549295774647,
        0.25752508361204013
      ],
      "ci95_upper": [
        0.0,
        0.0,
        0.0,
        0.25333333333333335,
        0.25555555555555554,
        0.24761904761904763,
        0.23333333333333334,
        0.2740740740740741,
        0.26666666666666666,
        0.2682926829268293,
        0.2681564245810056,
        0.25257731958762886,
        0.2583732057416268,
        0.26796874999999937,
        0.28870292887029286,
        0.3031496062992126,
        0.32342007434944237,
        0.3380281690140845,
        0.3612040133779264
      ],
      "aurc": 0.16523720682822504
    },
    "pred_P4_RawOnly": {
      "curve": [
        0.16666666666666666,
        0.2,
        0.2,
        0.21333333333333335,
        0.2111111111111111,
        0.21904761904761905,
        0.2,
        0.21481481481481482,
        0.23333333333333334,
        0.22560975609756098,
        0.21787709497206703,
        0.21649484536082475,
        0.22009569377990432,
        0.21875,
        0.2301255230125523,
        0.23622047244094488,
        0.24535315985130113,
        0.27816901408450706,
        0.3076923076923077
      ],
      "ci95_lower": [
        0.03333333333333333,
        0.08888888888888889,
        0.1,
        0.12,
        0.13333333333333333,
        0.14285714285714285,
        0.13333333333333333,
        0.14814814814814814,
        0.16666666666666666,
        0.16463414634146342,
        0.1564245810055866,
        0.15979381443298968,
        0.1674641148325359,
        0.16517857142857142,
        0.1799163179916318,
        0.18503937007874016,
        0.1970260223048327,
        0.22887323943661972,
        0.25752508361204013
      ],
      "ci95_upper": [
        0.3,
        0.3333333333333333,
        0.3,
        0.30666666666666664,
        0.3,
        0.29523809523809524,
        0.26666666666666666,
        0.2814814814814815,
        0.3,
        0.2926829268292683,
        0.2849162011173184,
        0.2733247422680405,
        0.2727272727272727,
        0.27232142857142855,
        0.28451882845188287,
        0.2874015748031496,
        0.29739776951672864,
        0.33098591549295775,
        0.3612040133779264
      ],
      "aurc": 0.20087576292096807
    },