{
  "n_test": 300,
  "mean_error_no_abstention": 0.6666666666666666,
  "coverages": [
    0.1,
    0.15,
    0.2,
    0.25,
    0.3,
    0.35,
    0.4,
    0.45,
    0.5,
    0.55,
    0.6,
    0.65,
    0.7,
    0.75,
    0.8,
    0.85,
    0.9,
    0.95,
    1.0
  ],
  "oracle_curve": [
    0.0,
    0.0,
    0.0,
    0.0,
    0.0,
    0.047619047619047616,
    0.16666666666666666,
    0.25925925925925924,
    0.3333333333333333,
    0.3939393939393939,
    0.4444444444444444,
    0.48717948717948717,
    0.5238095238095238,
    0.5555555555555556,
    0.5833333333333334,
    0.6078431372549019,
    0.6296296296296297,
    0.6491228070175439,
    0.6666666666666666
  ],
  "oracle_aurc": 0.3007534476187727,
  "random_curve": [
    0.6662666666666721,
    0.6659111111111109,
    0.6658000000000027,
    0.6660666666666731,
    0.6665444444444459,
    0.6665095238095222,
    0.6666416666666649,
    0.6665444444444418,
    0.6667000000000083,
    0.6665878787878863,
    0.6665444444444433,
    0.6662846153846154,
    0.6666428571428589,
    0.6666333333333339,
    0.6665020833333309,
    0.6664686274509858,
    0.6664925925925893,
    0.6664543859649096,
    0.6666666666666725
  ],
  "random_aurc": 0.5997897671122249,
  "probes": {
    "pred_P1_InputStats": {
      "curve": [
        0.6333333333333333,
        0.6888888888888889,
        0.6833333333333333,
        0.6666666666666666,
        0.6666666666666666,
        0.6476190476190476,
        0.6666666666666666,
        0.6666666666666666,
        0.66,
        0.6666666666666666,
        0.6666666666666666,
        0.6564102564102564,
        0.6571428571428571,
        0.6711111111111111,
        0.6625,
        0.6627450980392157,
        0.6592592592592592,
        0.6666666666666666,
        0.6666666666666666
      ],
      "ci95_lower": [
        0.4666666666666667,
        0.5555555555555556,
        0.5666666666666667,
        0.56,
        0.5777777777777777,
        0.5523809523809524,
        0.5916666666666667,
        0.5851851851851851,
        0.58,
        0.593939393939394,
        0.6,
        0.5897435897435898,
        0.5952380952380952,
        0.6088888888888889,
        0.6041666666666666,
        0.6039215686274509,
        0.6037037037037037,
        0.6139473684210527,
        0.61
      ],
      "ci95_upper": [
        0.8,
        0.8222222222222222,
        0.8,
        0.7733333333333333,
        0.7666666666666667,
        0.7428571428571429,
        0.75,
        0.7407407407407407,
        0.7333333333333333,
        0.7393939393939394,
        0.7333333333333333,
        0.7230769230769231,
        0.719047619047619,
        0.7333333333333333,
        0.7208333333333333,
        0.7215686274509804,
        0.7185185185185186,
        0.7228070175438597,
        0.72
      ],
      "aurc": 0.5982838259235318
    },
    "pred_P2_InputStats_Raw": {
      "curve": [
        0.7666666666666667,
        0.6,
        0.6666666666666666,
        0.68,
        0.7111111111111111,
        0.7238095238095238,
        0.7333333333333333,
        0.725925925925926,
        0.72,
        0.696969696969697,
        0.6944444444444444,
        0.6871794871794872,
        0.6857142857142857,
        0.6755555555555556,
        0.675,
        0.6627450980392157,
        0.6592592592592592,
        0.6631578947368421,
        0.6666666666666666
      ],
      "ci95_lower": [
        0.6,
        0.4666666666666667,
        0.55,
        0.5733333333333334,
        0.6111111111111112,
        0.638095238095238,
        0.658125,
        0.6444444444444445,
        0.6466666666666666,
        0.6242424242424243,
        0.6277777777777778,
        0.6205128205128205,
        0.6190476190476191,
        0.6133333333333333,
        0.6166666666666667,
        0.6078431372549019,
        0.6037037037037037,
        0.6070175438596491,
        0.6133333333333333
      ],
      "ci95_upper": [
        0.9,
        0.7333333333333333,
        0.7833333333333333,
        0.7866666666666666,
        0.8,
        0.8095238095238095,
        0.8083333333333333,
        0.8,
        0.7933333333333333,
        0.7636363636363637,
        0.7555555555555555,
        0.7538461538461538,
        0.7476190476190476,
        0.7377777777777778,
        0.7375,
        0.7215686274509804,
        0.7148148148148148,
        0.7192982456140351,
        0.7166666666666667
      ],
      "aurc": 0.6188769474706006
    },
    "pred_P3_InputStats_SAE": {
      "curve": [
        0.7333333333333333,
        0.7333333333333333,
        0.6833333333333333,
        0.68,
        0.6888888888888889,
        0.6571428571428571,
        0.6666666666666666,
        0.674074074074074,
        0.6666666666666666,
        0.6606060606060606,
        0.6611111111111111,
        0.6461538461538462,
        0.6523809523809524,
        0.6533333333333333,
        0.6625,
        0.6745098039215687,
        0.674074074074074,
        0.6736842105263158,
        0.6666666666666666
      ],
      "ci95_lower": [
        0.5666666666666667,
        0.6,
        0.5666666666666667,
        0.5863333333333334,
        0.5888888888888889,
        0.5714285714285714,
        0.5833333333333334,
        0.5925925925925926,
        0.5933333333333334,
        0.5878787878787879,
        0.5944444444444444,
        0.5794871794871795,
        0.5904761904761905,
        0.5911111111111111,
        0.6,
        0.6196078431372549,
        0.6185185185185185,
        0.6140350877192983,
        0.6133333333333333
      ],
      "ci95_upper": [
        0.8666666666666667,
        0.8666666666666667,
        0.8,
        0.7866666666666666,
        0.7888888888888889,
        0.7428571428571429,
        0.75,
        0.7555555555555555,
        0.74,
        0.7272727272727273,
        0.7277777777777777,
        0.7129487179487173,
        0.7142857142857143,
        0.7155555555555555,
        0.7167708333333328,
        0.7294117647058823,
        0.7260185185185181,
        0.7264035087719294,
        0.7166666666666667
      ],
      "aurc": 0.605422960610654
    },
    "pred_P4_RawOnly": {
      "curve": [
        0.7666666666666667,
        0.6,
        0.6666666666666666,
        0.68,
        0.7111111111111111,
        0.7238095238095238,
        0.7333333333333333,
        0.725925925925926,
        0.72,
        0.696969696969697,
        0.6944444444444444,
        0.6871794871794872,
        0.6857142857142857,
        0.6755555555555556,
        0.675,
        0.6627450980392157,
        0.6592592592592592,
        0.6631578947368421,
        0.6666666666666666
      ],
      "ci95_lower": [
        0.6,
        0.4666666666666667,
        0.5333333333333333,
        0.5733333333333334,
        0.6222222222222222,
        0.638095238095238,
        0.65,
        0.6518518518518519,
        0.6466666666666666,
        0.6242424242424243,
        0.6277777777777778,
        0.6205128205128205,
        0.6238095238095238,
        0.6133333333333333,
        0.6125,
        0.6039215686274509,
        0.6,
        0.6070175438596491,
        0.6166666666666667
      ],
      "ci95_upper": [
        0.9,
        0.7333333333333333,
        0.7833333333333333,
        0.7866666666666666,
        0.8,
        0.8,
        0.8166666666666667,
        0.8,
        0.7933333333333333,
        0.7636363636363637,
        0.7611111111111111,
        0.7487179487179487,
        0.7476190476190476,
        0.7377777777777778,
        0.7375,
        0.7215686274509804,
        0.7111111111111111,
        0.7158771929824557,
        0.7166666666666667
      ],
      "aurc": 0.6188769474706006
    },