{
  "n_test": 1499,
  "mean_error_no_abstention": 0.6210807204803203,
  "coverages": [
    0.1,
    0.15,
    0.2,
    0.25,
    0.3,
    0.35,
    0.4,
    0.45,
    0.5,
    0.55,
    0.6,
    0.65,
    0.7,
    0.75,
    0.8,
    0.85,
    0.9,
    0.95,
    1.0
  ],
  "oracle_curve": [
    0.0,
    0.0,
    0.0,
    0.0,
    0.0,
    0.0,
    0.05333333333333334,
    0.15851851851851853,
    0.24266666666666667,
    0.3106796116504854,
    0.3681868743047831,
    0.41683778234086244,
    0.45853193517635843,
    0.49466192170818507,
    0.5262718932443703,
    0.554160125588697,
    0.5789473684210527,
    0.601123595505618,
    0.6210807204803203
  ],
  "oracle_aurc": 0.25372299933495457,
  "random_curve": [
    0.6213066666666672,
    0.6211822222222232,
    0.6214050000000001,
    0.6208306666666662,
    0.6210266666666674,
    0.6210152380952383,
    0.6211483333333346,
    0.621183703703703,
    0.6213780000000005,
    0.6213203883495154,
    0.6213503893214678,
    0.621327515400409,
    0.6211668255481383,
    0.6212233096085406,
    0.621271059216018,
    0.6212409733124018,
    0.6211975537435125,
    0.6211562499999995,
    0.6210807204803115
  ],
  "random_aurc": 0.5590808894380662,
  "probes": {
    "pred_P1_InputStats": {
      "curve": [
        0.6066666666666667,
        0.6044444444444445,
        0.6033333333333334,
        0.608,
        0.6,
        0.6057142857142858,
        0.6066666666666667,
        0.6192592592592593,
        0.616,
        0.6298543689320388,
        0.6262513904338154,
        0.6252566735112937,
        0.6186844613918017,
        0.6120996441281139,
        0.6146788990825688,
        0.6161695447409733,
        0.6182357301704967,
        0.6193820224719101,
        0.6210807204803203
      ],
      "ci95_lower": [
        0.5266666666666666,
        0.5421111111111112,
        0.55,
        0.5573333333333333,
        0.5533333333333333,
        0.5638095238095238,
        0.565,
        0.5837037037037037,
        0.58,
        0.5946601941747572,
        0.5939933259176863,
        0.5934291581108829,
        0.5891325071496664,
        0.5845195729537367,
        0.5871559633027523,
        0.5886970172684458,
        0.5915492957746479,
        0.5933988764044944,
        0.5957304869913276
      ],
      "ci95_upper": [
        0.68,
        0.6666666666666666,
        0.6567499999999995,
        0.656,
        0.6422222222222222,
        0.6495238095238095,
        0.645,
        0.6562962962962963,
        0.652,
        0.662621359223301,
        0.657397107897664,
        0.6560574948665298,
        0.6472831267874166,
        0.6405693950177936,
        0.6422226855713093,
        0.6436420722135008,
        0.6449221645663454,
        0.6467696629213483,
        0.6437625083388926
      ],
      "aurc": 0.5528952208927248
    },
    "pred_P2_InputStats_Raw": {
      "curve": [
        0.6,
        0.6,
        0.6366666666666667,
        0.648,
        0.6511111111111111,
        0.6495238095238095,
        0.645,
        0.6444444444444445,
        0.648,
        0.6371359223300971,
        0.6407119021134594,
        0.6375770020533881,
        0.6396568160152526,
        0.6387900355871886,
        0.6371976647206005,
        0.6318681318681318,
        0.6241660489251297,
        0.6235955056179775,
        0.6210807204803203
      ],
      "ci95_lower": [
        0.52,
        0.5333333333333333,
        0.58,
        0.6,
        0.6066666666666667,
        0.6095238095238096,
        0.6066666666666667,
        0.6088888888888889,
        0.6146666666666667,
        0.6055825242718447,
        0.6084538375973304,
        0.6078028747433265,
        0.6091515729265967,
        0.6112099644128114,
        0.609674728940784,
        0.6051805337519623,
        0.5997034840622684,
        0.5976123595505618,
        0.5963975983989326
      ],
      "ci95_upper": [
        0.6734999999999991,
        0.6623333333333328,
        0.69,
        0.696,
        0.6955555555555556,
        0.6895238095238095,
        0.6833749999999998,
        0.6785185185185185,
        0.684,
        0.667506067961165,
        0.6718576195773082,
        0.6683778234086243,
        0.669208770257388,
        0.6663701067615658,
        0.6638865721434529,
        0.6577708006279435,
        0.6508524833209784,
        0.6502808988764045,
        0.6450967311541027
      ],
      "aurc": 0.5721992710608709
    },
    "pred_P3_InputStats_SAE": {
      "curve": [
        0.6666666666666666,
        0.6488888888888888,
        0.6066666666666667,
        0.6186666666666667,
        0.6244444444444445,
        0.6209523809523809,
        0.6183333333333333,
        0.6281481481481481,
        0.6253333333333333,
        0.6262135922330098,
        0.6262513904338154,
        0.6262833675564682,
        0.6215443279313632,
        0.6254448398576512,
        0.6163469557964971,
        0.609105180533752,
        0.6174944403261675,
        0.6186797752808989,
        0.6210807204803203
      ],
      "ci95_lower": [
        0.5931666666666667,
        0.5866666666666667,
        0.55,
        0.5706666666666667,
        0.58,
        0.579047619047619,
        0.58,
        0.5911111111111111,
        0.5893333333333334,
        0.5910194174757282,
        0.5962180200222469,
        0.5965092402464066,
        0.5919923736892279,
        0.5987544483985765,
        0.5879899916597164,
        0.5832025117739403,
        0.5922720533728688,
        0.5933988764044944,
        0.5970647098065377
      ],
      "ci95_upper": [
        0.74,
        0.7111111111111111,
        0.6666666666666666,
        0.6666666666666666,
        0.6688888888888889,
        0.6628571428571428,
        0.6583333333333333,
        0.6637037037037037,
        0.66,
        0.6577669902912622,
        0.657397107897664,
        0.6560574948665298,
        0.6501429933269781,
        0.6530471530249109,
        0.6430358632193495,
        0.6365777080062794,
        0.6426982950333581,
        0.6439606741573034,
        0.6470980653769179
      ],
      "aurc": 0.561133571297849
    },
    "pred_P4_RawOnly": {
      "curve": [
        0.6466666666666666,
        0.6444444444444445,
        0.65,
        0.6373333333333333,
        0.6311111111111111,
        0.638095238095238,
        0.6383333333333333,
        0.64,
        0.6466666666666666,
        0.6456310679611651,
        0.6496106785317018,
        0.6478439425051334,
        0.6425166825548141,
        0.6396797153024911,
        0.6371976647206005,
        0.6342229199372057,
        0.6293550778354337,
        0.625,
        0.6210807204803203
      ],
      "ci95_lower": [
        0.5666666666666667,
        0.5777777777777777,
        0.5933333333333334,
        0.5893333333333334,
        0.5866666666666667,
        0.5961904761904762,
        0.5983333333333334,
        0.6029629629629629,
        0.6119666666666667,
        0.6128640776699029,
        0.6184649610678532,
        0.6170431211498973,
        0.6129647283126788,
        0.6129893238434164,
        0.609674728940784,
        0.6067307692307693,
        0.603409933283914,
        0.6004213483146067,
        0.5957304869913276
      ],
      "ci95_upper": [
        0.72,
        0.7066666666666667,
        0.7033333333333334,
        0.6853333333333333,
        0.6755555555555556,
        0.68,
        0.6766666666666666,
        0.677037037037037,
        0.68,
        0.6771844660194175,
        0.6807563959955506,
        0.6776437371663243,
        0.6711153479504289,
        0.6681494661921709,
        0.6638865721434529,
        0.6601255886970173,
        0.6553002223869533,
        0.6495786516853933,
        0.6450967311541027
      ],
      "aurc": 0.5755457784953084
    },