{
  "n_test": 1499,
  "mean_error_no_abstention": 0.6210807204803203,
  "coverages": [
    0.1,
    0.15,
    0.2,
    0.25,
    0.3,
    0.35,
    0.4,
    0.45,
    0.5,
    0.55,
    0.6,
    0.65,
    0.7,
    0.75,
    0.8,
    0.85,
    0.9,
    0.95,
    1.0
  ],
  "oracle_curve": [
    0.0,
    0.0,
    0.0,
    0.0,
    0.0,
    0.0,
    0.05333333333333334,
    0.15851851851851853,
    0.24266666666666667,
    0.3106796116504854,
    0.3681868743047831,
    0.41683778234086244,
    0.45853193517635843,
    0.49466192170818507,
    0.5262718932443703,
    0.554160125588697,
    0.5789473684210527,
    0.601123595505618,
    0.6210807204803203
  ],
  "oracle_aurc": 0.25372299933495457,
  "random_curve": [
    0.6213066666666672,
    0.6211822222222232,
    0.6214050000000001,
    0.6208306666666662,
    0.6210266666666674,
    0.6210152380952383,
    0.6211483333333346,
    0.621183703703703,
    0.6213780000000005,
    0.6213203883495154,
    0.6213503893214678,
    0.621327515400409,
    0.6211668255481383,
    0.6212233096085406,
    0.621271059216018,
    0.6212409733124018,
    0.6211975537435125,
    0.6211562499999995,
    0.6210807204803115
  ],
  "random_aurc": 0.5590808894380662,
  "probes": {
    "pred_P1_InputStats": {
      "curve": [
        0.6066666666666667,
        0.6044444444444445,
        0.6033333333333334,
        0.608,
        0.6,
        0.6057142857142858,
        0.6066666666666667,
        0.6192592592592593,
        0.616,
        0.6298543689320388,
        0.6262513904338154,
        0.6252566735112937,
        0.6186844613918017,
        0.6120996441281139,
        0.6146788990825688,
        0.6161695447409733,
        0.6182357301704967,
        0.6193820224719101,
        0.6210807204803203
      ],
      "ci95_lower": [
        0.5266666666666666,
        0.5421111111111112,
        0.55,
        0.5573333333333333,
        0.5533333333333333,
        0.5638095238095238,
        0.565,
        0.5837037037037037,
        0.58,
        0.5946601941747572,
        0.5939933259176863,
        0.5934291581108829,
        0.5891325071496664,
        0.5845195729537367,
        0.5871559633027523,
        0.5886970172684458,
        0.5915492957746479,
        0.5933988764044944,
        0.5963975983989326
      ],
      "ci95_upper": [
        0.68,
        0.6666666666666666,
        0.6567499999999995,
        0.656,
        0.6422222222222222,
        0.6495238095238095,
        0.645,
        0.6562962962962963,
        0.652,
        0.662621359223301,
        0.657397107897664,
        0.6560574948665298,
        0.6472831267874166,
        0.6405693950177936,
        0.6430358632193495,
        0.6444270015698587,
        0.6456634544106745,
        0.6467696629213483,
        0.6437625083388926
      ],
      "aurc": 0.5528952208927248
    },
    "pred_P2_InputStats_Raw": {
      "curve": [
        0.6,
        0.6,
        0.6366666666666667,
        0.648,
        0.6511111111111111,
        0.6495238095238095,
        0.645,
        0.6444444444444445,
        0.6466666666666666,
        0.6371359223300971,
        0.6407119021134594,
        0.6375770020533881,
        0.6396568160152526,
        0.6387900355871886,
        0.6371976647206005,
        0.6318681318681318,
        0.6241660489251297,
        0.6235955056179775,
        0.6210807204803203
      ],
      "ci95_lower": [
        0.52,
        0.5333333333333333,
        0.58,
        0.6,
        0.6088888888888889,
        0.6095238095238096,
        0.6083333333333333,
        0.6074074074074074,
        0.6133333333333333,
        0.6043689320388349,
        0.6084538375973304,
        0.606776180698152,
        0.6101048617731173,
        0.6112099644128114,
        0.609674728940784,
        0.6043956043956044,
        0.5982209043736101,
        0.5969101123595506,
        0.5963975983989326
      ],
      "ci95_upper": [
        0.6734999999999991,
        0.6623333333333328,
        0.69,
        0.6933333333333334,
        0.6955555555555556,
        0.6895238095238095,
        0.685,
        0.6785185185185185,
        0.6813333333333333,
        0.6699029126213593,
        0.6718576195773082,
        0.6683778234086243,
        0.669208770257388,
        0.6663701067615658,
        0.6638865721434529,
        0.6577708006279435,
        0.6493699036323203,
        0.6502808988764045,
        0.6450967311541027
      ],
      "aurc": 0.5721326043942042
    },
    "pred_P3_InputStats_SAE": {
      "curve": [
        0.64,
        0.6088888888888889,
        0.6166666666666667,
        0.6186666666666667,
        0.6288888888888889,
        0.6247619047619047,
        0.6233333333333333,
        0.6237037037037036,
        0.616,
        0.6128640776699029,
        0.6140155728587319,
        0.62217659137577,
        0.6215443279313632,
        0.6183274021352313,
        0.6146788990825688,
        0.6130298273155416,
        0.6167531504818384,
        0.6200842696629213,
        0.6210807204803203
      ],
      "ci95_lower": [
        0.56,
        0.5422222222222223,
        0.5633333333333334,
        0.568,
        0.5844444444444444,
        0.5847619047619048,
        0.585,
        0.5881481481481482,
        0.5813333333333334,
        0.5788834951456311,
        0.5839822024471635,
        0.5913757700205339,
        0.5919923736892279,
        0.589835409252669,
        0.5871559633027523,
        0.5855572998430141,
        0.5915492957746479,
        0.5941011235955056,
        0.5970647098065377
      ],
      "ci95_upper": [
        0.7133333333333334,
        0.6711111111111111,
        0.6666666666666666,
        0.6666666666666666,
        0.6733333333333333,
        0.6666666666666666,
        0.6616666666666666,
        0.6607407407407407,
        0.6506666666666666,
        0.6456310679611651,
        0.646273637374861,
        0.6540041067761807,
        0.6491897044804575,
        0.645017793594306,
        0.6422226855713093,
        0.640502354788069,
        0.6434395848776872,
        0.6446629213483146,
        0.6457638425617078
      ],
      "aurc": 0.5572462265832042
    },
    "pred_P4_RawOnly": {
      "curve": [
        0.6466666666666666,
        0.6444444444444445,
        0.65,
        0.6373333333333333,
        0.6288888888888889,
        0.638095238095238,
        0.6383333333333333,
        0.64,
        0.6466666666666666,
        0.6456310679611651,
        0.6496106785317018,
        0.6478439425051334,
        0.6425166825548141,
        0.6396797153024911,
        0.6371976647206005,
        0.6342229199372057,
        0.6293550778354337,
        0.625,
        0.6210807204803203
      ],
      "ci95_lower": [
        0.5666666666666667,
        0.5777777777777777,
        0.5933333333333334,
        0.5892666666666667,
        0.5844444444444444,
        0.5961904761904762,
        0.6,
        0.6029629629629629,
        0.6106333333333334,
        0.6128640776699029,
        0.6173526140155728,
        0.6170431211498973,
        0.6139180171591992,
        0.6120996441281139,
        0.609674728940784,
        0.6067307692307693,
        0.603409933283914,
        0.6004213483146067,
        0.5957304869913276
      ],
      "ci95_upper": [
        0.72,
        0.7066666666666667,
        0.7033333333333334,
        0.6853333333333333,
        0.6755555555555556,
        0.68,
        0.675,
        0.677037037037037,
        0.6773666666666665,
        0.6771844660194175,
        0.6807842046718574,
        0.6776180698151951,
        0.6701620591039085,
        0.6672597864768683,
        0.6638865721434529,
        0.6601255886970173,
        0.653817642698295,
        0.6495786516853933,
        0.6437625083388926
      ],
      "aurc": 0.5754346673841972
    },