{
  "n_test": 1500,
  "hard_fraction": 0.17733333333333334,
  "probes": {
    "pred_P1_InputStats": {
      "bin_centers": [
        0.05,
        0.15000000000000002,
        0.25,
        0.35000000000000003,
        0.45,
        0.55,
        0.6500000000000001,
        0.75,
        0.8500000000000001,
        0.95
      ],
      "bin_pred_mean": [
        0.07747967771749724,
        NaN,
        0.27354490808855575,
        0.35688169822274474,
        0.4483436640566497,
        0.5422384567515282,
        0.622414354795258,
        0.7176885762464691,
        0.8440086009495991,
        0.9823319653543142
      ],
      "bin_actual_freq": [
        0.0,
        NaN,
        0.0625,
        0.12337662337662338,
        0.14124293785310735,
        0.19230769230769232,
        0.3561643835616438,
        1.0,
        1.0,
        1.0
      ],
      "bin_count": [
        5,
        0,
        48,
        154,
        531,
        676,
        73,
        2,
        4,
        7
      ],
      "ece": 0.31123302031169137,
      "brier": 0.23565772211922273
    },
    "pred_P2_InputStats_Raw": {
      "bin_centers": [
        0.05,
        0.15000000000000002,
        0.25,
        0.35000000000000003,
        0.45,
        0.55,
        0.6500000000000001,
        0.75,
        0.8500000000000001,
        0.95
      ],
      "bin_pred_mean": [
        0.05489424181430336,
        0.14866034091619432,
        0.2501878801941032,
        0.3485477574178837,
        0.4507699408099112,
        0.5526133886822352,
        0.6520020180824387,
        0.7557330871889554,
        0.8447276845171962,
        0.9331795983956087
      ],
      "bin_actual_freq": [
        0.031055900621118012,
        0.10106382978723404,
        0.11176470588235295,
        0.15757575757575756,
        0.13690476190476192,
        0.2582781456953642,
        0.2459016393442623,
        0.26973684210526316,
        0.2711864406779661,
        0.38636363636363635
      ],
      "bin_count": [
        161,
        188,
        170,
        165,
        168,
        151,
        183,
        152,
        118,
        44
      ],
      "ece": 0.2699519840284145,
      "brier": 0.24325654678661546
    },
    "pred_P3_InputStats_SAE": {
      "bin_centers": [
        0.05,
        0.15000000000000002,
        0.25,
        0.35000000000000003,
        0.45,
        0.55,
        0.6500000000000001,
        0.75,
        0.8500000000000001,
        0.95
      ],
      "bin_pred_mean": [
        0.0802402046635553,
        0.15882424103036752,
        0.25315012119400676,
        0.3466101274932161,
        0.4512586687063129,
        0.5513139203956033,
        0.6472343846884913,
        0.7444265195917812,
        0.8496225866286682,
        0.9455672364873334
      ],
      "bin_actual_freq": [
        0.04,
        0.10457516339869281,
        0.1608695652173913,
        0.1446280991735537,
        0.17672413793103448,
        0.19791666666666666,
        0.2073170731707317,
        0.2288135593220339,
        0.21782178217821782,
        0.3488372093023256
      ],
      "bin_count": [
        25,
        153,
        230,
        242,
        232,
        192,
        164,
        118,
        101,
        43
      ],
      "ece": 0.2889430782648193,
      "brier": 0.25922028354918497
    },
    "pred_P4_RawOnly": {
      "bin_centers": [
        0.05,
        0.15000000000000002,
        0.25,
        0.35000000000000003,
        0.45,
        0.55,
        0.6500000000000001,
        0.75,
        0.8500000000000001,
        0.95
      ],
      "bin_pred_mean": [
        0.05435236242719176,
        0.14786728524021084,
        0.24883836710431076,
        0.34816367748764143,
        0.4469398398203129,
        0.5501512815461783,
        0.6472022386965758,
        0.752470597170476,
        0.8460063494405627,
        0.9341986670380433
      ],
      "bin_actual_freq": [
        0.03821656050955414,
        0.09444444444444444,
        0.11494252873563218,
        0.15,
        0.1301775147928994,
        0.24675324675324675,
        0.2604166666666667,
        0.2670807453416149,
        0.2807017543859649,
        0.358974358974359
      ],
      "bin_count": [
        157,
        180,
        174,
        160,
        169,
        154,
        192,
        161,
        114,
        39
      ],
      "ece": 0.27113246308741407,
      "brier": 0.24326634560404026
    },
    "pred_P5_SAEOnly": {
      "bin_centers": [
        0.05,
        0.15000000000000002,
        0.25,
        0.35000000000000003,
        0.45,
        0.55,
        0.6500000000000001,
        0.75,
        0.8500000000000001,
        0.95
      ],
      "bin_pred_mean": [
        0.08327489607563518,
        0.15494205889796817,
        0.24866831880216708,
        0.3462571341328287,
        0.4484391681909183,
        0.5486471408761363,
        0.649299138343342,
        0.7460007339249596,
        0.8490101114779773,
        0.9451912641531647
      ],
      "bin_actual_freq": [
        0.125,
        0.0896551724137931,
        0.18146718146718147,
        0.148,
        0.1527777777777778,
        0.20476190476190476,
        0.16778523489932887,
        0.26548672566371684,
        0.24444444444444444,
        0.29545454545454547
      ],
      "bin_count": [
        24,
        145,
        259,
        250,
        216,
        210,
        149,
        113,
        90,
        44
      ],
      "ece": 0.2817060795020141,
      "brier": 0.2552713219343999
    }
  }
}