{
  "n_test": 1500,
  "hard_fraction": 0.17733333333333334,
  "probes": {
    "pred_P1_InputStats": {
      "bin_centers": [
        0.05,
        0.15000000000000002,
        0.25,
        0.35000000000000003,
        0.45,
        0.55,
        0.6500000000000001,
        0.75,
        0.8500000000000001,
        0.95
      ],
      "bin_pred_mean": [
        0.07686671191185383,
        NaN,
        0.27939792290370125,
        0.35649660927655885,
        0.4524062491115637,
        0.5449397419253631,
        0.6281749245279171,
        NaN,
        NaN,
        NaN
      ],
      "bin_actual_freq": [
        0.0,
        NaN,
        0.05128205128205128,
        0.1349206349206349,
        0.15082644628099173,
        0.18604651162790697,
        0.2911392405063291,
        NaN,
        NaN,
        NaN
      ],
      "bin_count": [
        5,
        0,
        39,
        126,
        484,
        688,
        158,
        0,
        0,
        0
      ],
      "ece": 0.3222228202744717,
      "brier": 0.24931682686106224
    },
    "pred_P2_InputStats_Raw": {
      "bin_centers": [
        0.05,
        0.15000000000000002,
        0.25,
        0.35000000000000003,
        0.45,
        0.55,
        0.6500000000000001,
        0.75,
        0.8500000000000001,
        0.95
      ],
      "bin_pred_mean": [
        0.05535219273114851,
        0.14831740779737262,
        0.24794690381363632,
        0.3504911534897368,
        0.44431506712418306,
        0.551586707480077,
        0.6506193878781222,
        0.7533052726868655,
        0.8470526162409886,
        0.9321890378700219
      ],
      "bin_actual_freq": [
        0.041379310344827586,
        0.09090909090909091,
        0.125,
        0.12987012987012986,
        0.13013698630136986,
        0.21428571428571427,
        0.24725274725274726,
        0.26582278481012656,
        0.2971014492753623,
        0.3673469387755102
      ],
      "bin_count": [
        145,
        176,
        184,
        154,
        146,
        168,
        182,
        158,
        138,
        49
      ],
      "ece": 0.2835132345929979,
      "brier": 0.25057686019077424
    },
    "pred_P3_InputStats_SAE": {
      "bin_centers": [
        0.05,
        0.15000000000000002,
        0.25,
        0.35000000000000003,
        0.45,
        0.55,
        0.6500000000000001,
        0.75,
        0.8500000000000001,
        0.95
      ],
      "bin_pred_mean": [
        0.08243863148579667,
        0.1583258179363255,
        0.25182504844397724,
        0.34550615887704994,
        0.44793441822709296,
        0.5482525591905968,
        0.644805290725393,
        0.7500455654208371,
        0.8523641511097508,
        0.9429485766368441
      ],
      "bin_actual_freq": [
        0.043478260869565216,
        0.1103448275862069,
        0.13004484304932734,
        0.15637860082304528,
        0.16444444444444445,
        0.1951219512195122,
        0.22699386503067484,
        0.25,
        0.1958762886597938,
        0.3541666666666667
      ],
      "bin_count": [
        23,
        145,
        223,
        243,
        225,
        205,
        163,
        128,
        97,
        48
      ],
      "ece": 0.29413018824570625,
      "brier": 0.2611002127521302
    },
    "pred_P4_RawOnly": {
      "bin_centers": [
        0.05,
        0.15000000000000002,
        0.25,
        0.35000000000000003,
        0.45,
        0.55,
        0.6500000000000001,
        0.75,
        0.8500000000000001,
        0.95
      ],
      "bin_pred_mean": [
        0.054351555380099954,
        0.14785754661397685,
        0.24883693381663222,
        0.34815225856146476,
        0.44689945208429854,
        0.5501218122868704,
        0.6469172534061263,
        0.752138290507374,
        0.8459965672474029,
        0.9341977923479107
      ],
      "bin_actual_freq": [
        0.03821656050955414,
        0.09444444444444444,
        0.11494252873563218,
        0.15,
        0.1301775147928994,
        0.24675324675324675,
        0.25654450261780104,
        0.2716049382716049,
        0.2807017543859649,
        0.358974358974359
      ],
      "bin_count": [
        157,
        180,
        174,
        160,
        169,
        154,
        191,
        162,
        114,
        39
      ],
      "ece": 0.2711194853093877,
      "brier": 0.24325668476647522
    },
    "pred_P5_SAEOnly": {
      "bin_centers": [
        0.05,
        0.15000000000000002,
        0.25,
        0.35000000000000003,
        0.45,
        0.55,
        0.6500000000000001,
        0.75,
        0.8500000000000001,
        0.95
      ],
      "bin_pred_mean": [
        0.0832766829619273,
        0.15525554820032741,
        0.24905607891221004,
        0.34644484705953765,
        0.4484275561488796,
        0.5483899261588325,
        0.6489836640579362,
        0.7459988275085017,
        0.8489992431103492,
        0.9451901548884808
      ],
      "bin_actual_freq": [
        0.125,
        0.08904109589041095,
        0.18146718146718147,
        0.14859437751004015,
        0.1527777777777778,
        0.20095693779904306,
        0.17333333333333334,
        0.26548672566371684,
        0.24444444444444444,
        0.29545454545454547
      ],
      "bin_count": [
        24,
        146,
        259,
        249,
        216,
        209,
        150,
        113,
        90,
        44
      ],
      "ece": 0.281704349006519,
      "brier": 0.25526626793552387
    }
  }
}