{
  "n_windows": 1500,
  "always_cheap": {
    "mean_error": 0.17733333333333334,
    "cost": 1.0
  },
  "always_base": {
    "mean_error": 0.14133333333333334,
    "cost": 5.0
  },
  "win_rate_base": 0.04733333333333333,
  "random_curve": [
    [
      1.0,
      0.17733333333333334,
      0.0
    ],
    [
      1.1999999999999997,
      0.17547066666666666,
      0.05
    ],
    [
      1.4,
      0.17372933333333332,
      0.1
    ],
    [
      1.6,
      0.17194,
      0.15000000000000002
    ],
    [
      1.8000000000000005,
      0.17012533333333335,
      0.2
    ],
    [
      2.0,
      0.16842666666666667,
      0.25
    ],
    [
      2.1999999999999997,
      0.16638266666666668,
      0.30000000000000004
    ],
    [
      2.3999999999999995,
      0.1647266666666667,
      0.35000000000000003
    ],
    [
      2.6000000000000005,
      0.163004,
      0.4
    ],
    [
      2.8,
      0.16081733333333334,
      0.45
    ],
    [
      3.0,
      0.15945866666666667,
      0.5
    ],
    [
      3.2,
      0.15767333333333336,
      0.55
    ],
    [
      3.399999999999999,
      0.15571066666666666,
      0.6000000000000001
    ],
    [
      3.600000000000001,
      0.15381466666666666,
      0.65
    ],
    [
      3.799999999999999,
      0.152164,
      0.7000000000000001
    ],
    [
      4.0,
      0.15020666666666666,
      0.75
    ],
    [
      4.200000000000001,
      0.14863466666666664,
      0.8
    ],
    [
      4.3999999999999995,
      0.14666133333333334,
      0.8500000000000001
    ],
    [
      4.6,
      0.144916,
      0.9
    ],
    [
      4.799999999999999,
      0.14307466666666666,
      0.9500000000000001
    ],
    [
      5.0,
      0.14133333333333334,
      1.0
    ]
  ],
  "oracle_curve": [
    [
      1.0,
      0.17733333333333334,
      0.0
    ],
    [
      1.2,
      0.13,
      0.05
    ],
    [
      1.4,
      0.13,
      0.1
    ],
    [
      1.6,
      0.13,
      0.15000000000000002
    ],
    [
      1.8,
      0.13,
      0.2
    ],
    [
      2.0,
      0.13,
      0.25
    ],
    [
      2.2,
      0.13,
      0.30000000000000004
    ],
    [
      2.4,
      0.13,
      0.35000000000000003
    ],
    [
      2.6,
      0.13,
      0.4
    ],
    [
      2.8,
      0.13,
      0.45
    ],
    [
      3.0,
      0.13,
      0.5
    ],
    [
      3.2,
      0.13,
      0.55
    ],
    [
      3.4,
      0.13,
      0.6000000000000001
    ],
    [
      3.6,
      0.13,
      0.65
    ],
    [
      3.8,
      0.13,
      0.7000000000000001
    ],
    [
      4.0,
      0.13,
      0.75
    ],
    [
      4.2,
      0.13,
      0.8
    ],
    [
      4.4,
      0.13,
      0.8500000000000001
    ],
    [
      4.6,
      0.13,
      0.9
    ],
    [
      4.8,
      0.13,
      0.9500000000000001
    ],
    [
      5.0,
      0.14133333333333334,
      1.0
    ]
  ],
  "probes": {
    "pred_P3_InputStats_SAE": {
      "frontier": [
        {
          "tau": 0.0,
          "frac_to_base": 1.0,
          "mean_cost": 5.0,
          "mean_error": 0.14133333333333334
        },
        {
          "tau": 0.025,
          "frac_to_base": 1.0,
          "mean_cost": 5.0,
          "mean_error": 0.14133333333333334
        },
        {
          "tau": 0.05,
          "frac_to_base": 0.998,
          "mean_cost": 4.992,
          "mean_error": 0.14133333333333334
        },
        {
          "tau": 0.07500000000000001,
          "frac_to_base": 0.9946666666666667,
          "mean_cost": 4.978666666666666,
          "mean_error": 0.14133333333333334
        },
        {
          "tau": 0.1,
          "frac_to_base": 0.9833333333333333,
          "mean_cost": 4.933333333333334,
          "mean_error": 0.142
        },
        {
          "tau": 0.125,
          "frac_to_base": 0.9673333333333334,
          "mean_cost": 4.8693333333333335,
          "mean_error": 0.14333333333333334
        },
        {
          "tau": 0.15000000000000002,
          "frac_to_base": 0.9473333333333334,
          "mean_cost": 4.789333333333333,
          "mean_error": 0.14333333333333334
        },
        {
          "tau": 0.17500000000000002,
          "frac_to_base": 0.914,
          "mean_cost": 4.656,
          "mean_error": 0.144
        },
        {
          "tau": 0.2,
          "frac_to_base": 0.8813333333333333,
          "mean_cost": 4.525333333333333,
          "mean_error": 0.14533333333333334
        },
        {
          "tau": 0.225,
          "frac_to_base": 0.85,
          "mean_cost": 4.4,
          "mean_error": 0.14666666666666667
        },
        {
          "tau": 0.25,
          "frac_to_base": 0.812,
          "mean_cost": 4.248,
          "mean_error": 0.14733333333333334
        },
        {
          "tau": 0.275,
          "frac_to_base": 0.7706666666666667,
          "mean_cost": 4.082666666666666,
          "mean_error": 0.148
        },
        {
          "tau": 0.30000000000000004,
          "frac_to_base": 0.728,
          "mean_cost": 3.912,
          "mean_error": 0.15133333333333332
        },
        {
          "tau": 0.325,
          "frac_to_base": 0.6793333333333333,
          "mean_cost": 3.7173333333333334,
          "mean_error": 0.15266666666666667
        },
        {
          "tau": 0.35000000000000003,
          "frac_to_base": 0.6406666666666667,
          "mean_cost": 3.562666666666667,
          "mean_error": 0.15333333333333332
        },
        {
          "tau": 0.375,
          "frac_to_base": 0.602,
          "mean_cost": 3.408,
          "mean_error": 0.154
        },
        {
          "tau": 0.4,
          "frac_to_base": 0.5666666666666667,
          "mean_cost": 3.2666666666666666,
          "mean_error": 0.154
        },
        {
          "tau": 0.42500000000000004,
          "frac_to_base": 0.528,
          "mean_cost": 3.112,
          "mean_error": 0.15533333333333332
        },
        {
          "tau": 0.45,
          "frac_to_base": 0.49133333333333334,
          "mean_cost": 2.965333333333333,
          "mean_error": 0.156
        },
        {
          "tau": 0.47500000000000003,
          "frac_to_base": 0.452,
          "mean_cost": 2.808,
          "mean_error": 0.15733333333333333
        },
        {
          "tau": 0.5,
          "frac_to_base": 0.412,
          "mean_cost": 2.648,
          "mean_error": 0.15866666666666668
        },
        {
          "tau": 0.525,
          "frac_to_base": 0.37866666666666665,
          "mean_cost": 2.514666666666667,
          "mean_error": 0.15866666666666668
        },
        {
          "tau": 0.55,
          "frac_to_base": 0.352,
          "mean_cost": 2.408,
          "mean_error": 0.16
        },
        {
          "tau": 0.5750000000000001,
          "frac_to_base": 0.32066666666666666,
          "mean_cost": 2.2826666666666666,
          "mean_error": 0.16
        },
        {
          "tau": 0.6000000000000001,
          "frac_to_base": 0.284,
          "mean_cost": 2.136,
          "mean_error": 0.162
        },
        {
          "tau": 0.625,
          "frac_to_base": 0.258,
          "mean_cost": 2.032,
          "mean_error": 0.16333333333333333
        },
        {
          "tau": 0.65,
          "frac_to_base": 0.22133333333333333,
          "mean_cost": 1.8853333333333333,
          "mean_error": 0.16533333333333333
        },
        {
          "tau": 0.675,
          "frac_to_base": 0.19933333333333333,
          "mean_cost": 1.7973333333333332,
          "mean_error": 0.166
        },
        {
          "tau": 0.7000000000000001,
          "frac_to_base": 0.17466666666666666,
          "mean_cost": 1.6986666666666668,
          "mean_error": 0.168
        },
        {
          "tau": 0.7250000000000001,
          "frac_to_base": 0.15066666666666667,
          "mean_cost": 1.6026666666666667,
          "mean_error": 0.16933333333333334
        },
        {
          "tau": 0.75,
          "frac_to_base": 0.12733333333333333,