{
  "P1_InputStats": {
    "raw": {
      "ece": 0.30924964212656314,
      "brier": 0.23446243276151327,
      "auroc": 0.6257570587733516
    },
    "platt": {
      "ece": 0.08504397971971814,
      "brier": 0.14512587157979523,
      "auroc": 0.6257570587733516
    },
    "isotonic": {
      "ece": 0.08004978552649694,
      "brier": 0.1452663506229793,
      "auroc": 0.6144468748857558
    }
  },
  "P3_InputStats_SAE": {
    "raw": {
      "ece": 0.26500213213029433,
      "brier": 0.26982294774610743,
      "auroc": 0.5750843884427438
    },
    "platt": {
      "ece": 0.09232268510799786,
      "brier": 0.16413672212154254,
      "auroc": 0.5750843884427438
    },
    "isotonic": {
      "ece": 0.10460427686353826,
      "brier": 0.16663222107993894,
      "auroc": 0.5748010626241454
    }
  }
}