{
  "P1_InputStats": {
    "raw": {
      "ece": 0.32222498506650105,
      "brier": 0.24931841660882237,
      "auroc": 0.5909871924543937
    },
    "platt": {
      "ece": 0.0787813105614825,
      "brier": 0.15015913075202636,
      "auroc": 0.5909871924543937
    },
    "isotonic": {
      "ece": 0.07889226713306398,
      "brier": 0.15182182259574079,
      "auroc": 0.5883184460340478
    }
  },
  "P3_InputStats_SAE": {
    "raw": {
      "ece": 0.25865758938565386,
      "brier": 0.2718023016446619,
      "auroc": 0.5828834647396449
    },
    "platt": {
      "ece": 0.0931576710123729,
      "brier": 0.16437697158983683,
      "auroc": 0.5828834647396449
    },
    "isotonic": {
      "ece": 0.10526048855664276,
      "brier": 0.16717351792000393,
      "auroc": 0.5840822680688756
    }
  }
}