{
  "n_test": 1500,
  "mean_error_no_abstention": 0.17733333333333334,
  "coverages": [
    0.1,
    0.15,
    0.2,
    0.25,
    0.3,
    0.35,
    0.4,
    0.45,
    0.5,
    0.55,
    0.6,
    0.65,
    0.7,
    0.75,
    0.8,
    0.85,
    0.9,
    0.95,
    1.0
  ],
  "oracle_curve": [
    0.0,
    0.0,
    0.0,
    0.0,
    0.0,
    0.0,
    0.0,
    0.0,
    0.0,
    0.0,
    0.0,
    0.0,
    0.0,
    0.0,
    0.0,
    0.03215686274509804,
    0.08592592592592592,
    0.13403508771929826,
    0.17733333333333334
  ],
  "oracle_aurc": 0.017039227152849445,
  "random_curve": [
    0.1772300000000002,
    0.1771044444444445,
    0.176836666666668,
    0.17694533333333387,
    0.17712111111111112,
    0.17694190476190494,
    0.17691750000000192,
    0.1769511111111113,
    0.1769573333333334,
    0.17703030303030617,
    0.17703666666666676,
    0.1770435897435891,
    0.17699000000000017,
    0.17712133333333355,
    0.1772095833333376,
    0.17723176470588675,
    0.17727222222222275,
    0.17732210526315834,
    0.17733333333332865
  ],
  "random_aurc": 0.1593657319863537,
  "probes": {
    "pred_P1_InputStats": {
      "curve": [
        0.09333333333333334,
        0.1111111111111111,
        0.11333333333333333,
        0.10933333333333334,
        0.12,
        0.1219047619047619,
        0.12666666666666668,
        0.13185185185185186,
        0.13466666666666666,
        0.13818181818181818,
        0.1411111111111111,
        0.14153846153846153,
        0.13714285714285715,
        0.13777777777777778,
        0.14166666666666666,
        0.14980392156862746,
        0.15851851851851853,
        0.1607017543859649,
        0.17733333333333334
      ],
      "ci95_lower": [
        0.05333333333333334,
        0.07111111111111111,
        0.08,
        0.08,
        0.09111111111111111,
        0.09523809523809523,
        0.10166666666666667,
        0.10666666666666667,
        0.11066666666666666,
        0.11515151515151516,
        0.11997222222222222,
        0.12,
        0.11619047619047619,
        0.11733333333333333,
        0.12333333333333334,
        0.13098039215686275,
        0.14,
        0.14105263157894737,
        0.16
      ],
      "ci95_upper": [
        0.14,
        0.15555555555555556,
        0.15,
        0.14133333333333334,
        0.1511111111111111,
        0.15047619047619049,
        0.15333333333333332,
        0.15851851851851853,
        0.16,
        0.16121212121212122,
        0.16444444444444445,
        0.16307692307692306,
        0.15714285714285714,
        0.1582444444444443,
        0.16083333333333333,
        0.16941176470588235,
        0.17777777777777778,
        0.17964912280701753,
        0.19466666666666665
      ],
      "aurc": 0.12053219725464306
    },
    "pred_P2_InputStats_Raw": {
      "curve": [
        0.02666666666666667,
        0.04,
        0.07,
        0.064,
        0.08,
        0.0838095238095238,
        0.09666666666666666,
        0.10074074074074074,
        0.10266666666666667,
        0.10787878787878788,
        0.1111111111111111,
        0.12410256410256411,
        0.1361904761904762,
        0.1448888888888889,
        0.15,
        0.15450980392156863,
        0.1622222222222222,
        0.16771929824561405,
        0.17733333333333334
      ],
      "ci95_lower": [
        0.006666666666666667,
        0.017777777777777778,
        0.043333333333333335,
        0.04,
        0.05333333333333334,
        0.05904761904761905,
        0.07333333333333333,
        0.07851851851851852,
        0.08266666666666667,
        0.08606060606060606,
        0.09,
        0.10358974358974359,
        0.11523809523809524,
        0.12444444444444444,
        0.1308125,
        0.13411764705882354,
        0.14296296296296296,
        0.1480701754385965,
        0.15733333333333333
      ],
      "ci95_upper": [
        0.05333333333333334,
        0.06666666666666667,
        0.1,
        0.088,
        0.10666666666666667,
        0.10857142857142857,
        0.12166666666666667,
        0.12296296296296297,
        0.12533333333333332,
        0.1296969696969697,
        0.13111111111111112,
        0.14564102564102563,
        0.15716666666666654,
        0.1671111111111111,
        0.17,
        0.17411764705882352,
        0.18222222222222223,
        0.18736842105263157,
        0.19733333333333333
      ],
      "aurc": 0.09992533752224153
    },
    "pred_P3_InputStats_SAE": {
      "curve": [
        0.10666666666666667,
        0.11555555555555555,
        0.11,
        0.12266666666666666,
        0.13555555555555557,
        0.13523809523809524,
        0.13833333333333334,
        0.1362962962962963,
        0.13733333333333334,
        0.14666666666666667,
        0.14555555555555555,
        0.15487179487179487,
        0.15428571428571428,
        0.15644444444444444,
        0.16,
        0.16392156862745097,
        0.1688888888888889,
        0.17192982456140352,
        0.17733333333333334
      ],
      "ci95_lower": [
        0.06,
        0.07555555555555556,
        0.07666666666666666,
        0.09066666666666667,
        0.10444444444444445,
        0.10666666666666667,
        0.11,
        0.1111111111111111,
        0.11333333333333333,
        0.12363636363636364,
        0.12222222222222222,
        0.13230769230769232,
        0.13238095238095238,
        0.13422222222222221,
        0.14,
        0.14352941176470588,
        0.1481296296296296,
        0.15228070175438596,
        0.158
      ],
      "ci95_upper": [
        0.16,
        0.15555555555555556,
        0.14666666666666667,
        0.15733333333333333,
        0.16666666666666666,
        0.1657142857142857,
        0.16666666666666666,
        0.16296296296296298,
        0.164,
        0.17212121212121212,
        0.1688888888888889,
        0.1764358974358973,
        0.17523809523809525,
        0.17866666666666667,
        0.18083333333333335,
        0.1843137254901961,
        0.18888888888888888,
        0.19157894736842104,
        0.19666666666666666
      ],
      "aurc": 0.12977716469403777
    },
    "pred_P4_RawOnly": {
      "curve": [
        0.04,
        0.04888888888888889,
        0.06,
        0.07466666666666667,
        0.08222222222222222,
        0.0838095238095238,
        0.09333333333333334,
        0.10074074074074074,
        0.10133333333333333,
        0.10666666666666667,
        0.11666666666666667,
        0.12512820512820513,
        0.13428571428571429,
        0.13955555555555554,
        0.15,
        0.15294117647058825,
        0.16296296296296298,
        0.16842105263157894,
        0.17733333333333334
      ],
      "ci95_lower": [
        0.013333333333333334,
        0.022222222222222223,
        0.03666666666666667,
        0.0506,
        0.057777777777777775,
        0.06095238095238095,
        0.07,
        0.07851851851851852,
        0.08,
        0.08484848484848485,
        0.09666666666666666,
        0.10461538461538461,
        0.11333333333333333,
        0.12,
        0.13083333333333333,
        0.13411764705882354,
        0.14444444444444443,
        0.14877192982456142,
        0.15866666666666668
      ],
      "ci95_upper": [
        0.07333333333333333,
        0.08,
        0.09,
        0.10133333333333333,
        0.10888888888888888,
        0.10666666666666667,
        0.11666666666666667,
        0.12444444444444444,
        0.124,
        0.12848484848484848,
        0.13777777777777778,
        0.14564102564102563,
        0.15523809523809523,
        0.15911111111111112,
        0.17083333333333334,
        0.17256862745098028,
        0.18444444444444444,
        0.1880701754385965,
        0.19733333333333333
      ],
      "aurc": 0.10051446880146571
    },