{
  "n_test": 1500,
  "mean_error_no_abstention": 0.17733333333333334,
  "coverages": [
    0.1,
    0.15,
    0.2,
    0.25,
    0.3,
    0.35,
    0.4,
    0.45,
    0.5,
    0.55,
    0.6,
    0.65,
    0.7,
    0.75,
    0.8,
    0.85,
    0.9,
    0.95,
    1.0
  ],
  "oracle_curve": [
    0.0,
    0.0,
    0.0,
    0.0,
    0.0,
    0.0,
    0.0,
    0.0,
    0.0,
    0.0,
    0.0,
    0.0,
    0.0,
    0.0,
    0.0,
    0.03215686274509804,
    0.08592592592592592,
    0.13403508771929826,
    0.17733333333333334
  ],
  "oracle_aurc": 0.017039227152849445,
  "random_curve": [
    0.1772300000000002,
    0.1771044444444445,
    0.176836666666668,
    0.17694533333333387,
    0.17712111111111112,
    0.17694190476190494,
    0.17691750000000192,
    0.1769511111111113,
    0.1769573333333334,
    0.17703030303030617,
    0.17703666666666676,
    0.1770435897435891,
    0.17699000000000017,
    0.17712133333333355,
    0.1772095833333376,
    0.17723176470588675,
    0.17727222222222275,
    0.17732210526315834,
    0.17733333333332865
  ],
  "random_aurc": 0.1593657319863537,
  "probes": {
    "pred_P1_InputStats": {
      "curve": [
        0.12666666666666668,
        0.12444444444444444,
        0.11666666666666667,
        0.128,
        0.12444444444444444,
        0.13142857142857142,
        0.13666666666666666,
        0.13777777777777778,
        0.14666666666666667,
        0.15636363636363637,
        0.14777777777777779,
        0.1476923076923077,
        0.14761904761904762,
        0.14755555555555555,
        0.15416666666666667,
        0.1584313725490196,
        0.16518518518518518,
        0.1712280701754386,
        0.17733333333333334
      ],
      "ci95_lower": [
        0.07333333333333333,
        0.08444444444444445,
        0.08,
        0.09333333333333334,
        0.09333333333333334,
        0.10285714285714286,
        0.11,
        0.11259259259259259,
        0.12133333333333333,
        0.1296969696969697,
        0.12444444444444444,
        0.12615384615384614,
        0.12664285714285717,
        0.12797777777777777,
        0.135,
        0.1388235294117647,
        0.1451851851851852,
        0.15157894736842106,
        0.15866666666666668
      ],
      "ci95_upper": [
        0.18,
        0.1688888888888889,
        0.15333333333333332,
        0.16,
        0.1556111111111108,
        0.16,
        0.165,
        0.16444444444444445,
        0.172,
        0.18181818181818182,
        0.17224999999999985,
        0.17025641025641025,
        0.16857142857142857,
        0.16977777777777778,
        0.17416666666666666,
        0.17882352941176471,
        0.18592592592592594,
        0.19017543859649122,
        0.19533333333333333
      ],
      "aurc": 0.12970574288399367
    },
    "pred_P2_InputStats_Raw": {
      "curve": [
        0.04,
        0.05333333333333334,
        0.06,
        0.07733333333333334,
        0.08888888888888889,
        0.09142857142857143,
        0.08833333333333333,
        0.09925925925925926,
        0.1,
        0.1103030303030303,
        0.11555555555555555,
        0.12307692307692308,
        0.12857142857142856,
        0.13777777777777778,
        0.145,
        0.15372549019607842,
        0.16444444444444445,
        0.16701754385964912,
        0.17733333333333334
      ],
      "ci95_lower": [
        0.013333333333333334,
        0.02666666666666667,
        0.03333333333333333,
        0.050666666666666665,
        0.06444444444444444,
        0.06857142857142857,
        0.06666666666666667,
        0.07703703703703704,
        0.07866666666666666,
        0.09090909090909091,
        0.09444444444444444,
        0.10256410256410256,
        0.10857142857142857,
        0.11822222222222223,
        0.12497916666666667,
        0.13411764705882354,
        0.14444444444444443,
        0.14877192982456142,
        0.15866666666666668
      ],
      "ci95_upper": [
        0.07333333333333333,
        0.08444444444444445,
        0.09,
        0.10666666666666667,
        0.11777777777777777,
        0.1180952380952381,
        0.11166666666666666,
        0.12151851851851832,
        0.12133333333333333,
        0.1321212121212121,
        0.13666666666666666,
        0.14358974358974358,
        0.14952380952380953,
        0.1582222222222222,
        0.165,
        0.17411764705882352,
        0.18444444444444444,
        0.18528070175438588,
        0.19733333333333333
      ],
      "aurc": 0.10063577900141367
    },
    "pred_P3_InputStats_SAE": {
      "curve": [
        0.10666666666666667,
        0.1111111111111111,
        0.10666666666666667,
        0.11733333333333333,
        0.12444444444444444,
        0.12380952380952381,
        0.13333333333333333,
        0.13185185185185186,
        0.14,
        0.14424242424242426,
        0.15,
        0.1517948717948718,
        0.1523809523809524,
        0.15644444444444444,
        0.15916666666666668,
        0.16470588235294117,
        0.1688888888888889,
        0.17192982456140352,
        0.17733333333333334
      ],
      "ci95_lower": [
        0.06,
        0.07111111111111111,
        0.07333333333333333,
        0.088,
        0.09555555555555556,
        0.09714285714285714,
        0.10666666666666667,
        0.10666666666666667,
        0.116,
        0.12,
        0.12666666666666668,
        0.13025641025641024,
        0.13142857142857142,
        0.1351111111111111,
        0.13916666666666666,
        0.14507843137254903,
        0.14962962962962964,
        0.1529824561403509,
        0.15998333333333334
      ],
      "ci95_upper": [
        0.16,
        0.1511111111111111,
        0.14333333333333334,
        0.14933333333333335,
        0.15555555555555556,
        0.1523809523809524,
        0.16166666666666665,
        0.15703703703703703,
        0.16666666666666666,
        0.1684848484848485,
        0.17444444444444446,
        0.1753846153846154,
        0.17523809523809525,
        0.17777777777777778,
        0.18,
        0.18509803921568627,
        0.18888888888888888,
        0.19228070175438597,
        0.19733333333333333
      ],
      "aurc": 0.12750521099414291
    },
    "pred_P4_RawOnly": {
      "curve": [
        0.04,
        0.04888888888888889,
        0.06,
        0.07466666666666667,
        0.08222222222222222,
        0.0838095238095238,
        0.09333333333333334,
        0.10074074074074074,
        0.10133333333333333,
        0.10666666666666667,
        0.11666666666666667,
        0.12512820512820513,
        0.13428571428571429,
        0.13955555555555554,
        0.15,
        0.15294117647058825,
        0.16296296296296298,
        0.16912280701754387,
        0.17733333333333334
      ],
      "ci95_lower": [
        0.013333333333333334,
        0.022222222222222223,
        0.03666666666666667,
        0.048,
        0.057777777777777775,
        0.06095238095238095,
        0.07162500000000001,
        0.07851851851851852,
        0.08,
        0.08606060606060606,
        0.09555555555555556,
        0.10461538461538461,
        0.11428571428571428,
        0.12,
        0.13083333333333333,
        0.13409803921568628,
        0.14444444444444443,
        0.14877192982456142,
        0.15866666666666668
      ],
      "ci95_upper": [
        0.07333333333333333,
        0.08,
        0.08674999999999955,
        0.10133333333333333,
        0.10666666666666667,
        0.10666666666666667,
        0.11670833333333311,
        0.1259259259259259,
        0.12533333333333332,
        0.12727272727272726,
        0.13777777777777778,
        0.14666666666666667,
        0.15523809523809523,
        0.15911111111111112,
        0.17,
        0.17254901960784313,
        0.1837037037037037,
        0.1880701754385965,
        0.19733333333333333
      ],
      "aurc": 0.10054955652076396
    },