{
    "n_total": 5000,
    "n_train": 3500,
    "n_test": 1499,
    "hard_fraction": 0.6210807204803203,
    "P1_AUROC": 0.5093682395122615,
    "P1_CI_lower": 0.47962922975767214,
    "P1_CI_upper": 0.5386642313844087,
    "P2_AUROC": 0.471556784314912,
    "P2_CI_lower": 0.44162483633492927,
    "P2_CI_upper": 0.5010369007032706,
    "P3_AUROC": 0.5,
    "P3_CI_lower": 0.5,
    "P3_CI_upper": 0.5,
    "delta_raw": -0.03781145519734952,
    "delta_raw_CI_lower": -0.08018637208990037,
    "delta_raw_CI_upper": 0.0029865618268808676,
    "delta_sae": -0.009368239512261511,
    "delta_sae_CI_lower": -0.038664231384408665,
    "delta_sae_CI_upper": 0.02037077024232785,
    "delta_sae_over_raw": 0.028443215685088008,
    "delta_sae_over_raw_CI_lower": -0.0010369007032706209,
    "delta_sae_over_raw_CI_upper": 0.0583751636650707,
    "P4_RawOnly_AUROC": 0.4654865281917066,
    "P4_RawOnly_CI_lower": 0.4348067644587175,
    "P4_RawOnly_CI_upper": 0.4960747428325905,
    "P5_SAEOnly_AUROC": 0.5,
    "P5_SAEOnly_CI_lower": 0.5,
    "P5_SAEOnly_CI_upper": 0.5,
    "chosen_C": {
        "P1_InputStats": 1.0,
        "P2_InputStats_Raw": 0.3,
        "P3_InputStats_SAE": 0.01,
        "P4_RawOnly": 0.01,
        "P5_SAEOnly": 0.01
    }
}