{
    "n_total": 5000,
    "n_train": 3500,
    "n_test": 1499,
    "hard_fraction": 0.6210807204803203,
    "P1_AUROC": 0.5093701305577828,
    "P1_CI_lower": 0.479636863858917,
    "P1_CI_upper": 0.5386680105713919,
    "P2_AUROC": 0.47155300222386953,
    "P2_CI_lower": 0.4416282737268872,
    "P2_CI_upper": 0.5010308935769173,
    "P3_AUROC": 0.5039541761849291,
    "P3_CI_lower": 0.4744740708753289,
    "P3_CI_upper": 0.5343061417541674,
    "delta_raw": -0.037817128333913264,
    "delta_raw_CI_lower": -0.08021428264593669,
    "delta_raw_CI_upper": 0.0030125814910964997,
    "delta_sae": -0.005415954372853693,
    "delta_sae_CI_lower": -0.04716260669888879,
    "delta_sae_CI_upper": 0.03650023144546664,
    "delta_sae_over_raw": 0.03240117396105957,
    "delta_sae_over_raw_CI_lower": -0.005510617716192405,
    "delta_sae_over_raw_CI_upper": 0.07069828744421539,
    "P4_RawOnly_AUROC": 0.46548652819170666,
    "P4_RawOnly_CI_lower": 0.43481255252253326,
    "P4_RawOnly_CI_upper": 0.4960567803827576,
    "P5_SAEOnly_AUROC": 0.49640701350962924,
    "P5_SAEOnly_CI_lower": 0.46662331419708686,
    "P5_SAEOnly_CI_upper": 0.5263607868991556,
    "chosen_C": {
        "P1_InputStats": 1.0,
        "P2_InputStats_Raw": 0.3,
        "P3_InputStats_SAE": 1.0,
        "P4_RawOnly": 0.01,
        "P5_SAEOnly": 1.0
    }
}