{
    "n_total": 5000,
    "n_train": 3500,
    "n_test": 1499,
    "hard_fraction": 0.6210807204803203,
    "P1_AUROC": 0.5093701305577828,
    "P1_CI_lower": 0.4796293230990702,
    "P1_CI_upper": 0.5386642784698216,
    "P2_AUROC": 0.5,
    "P2_CI_lower": 0.5,
    "P2_CI_upper": 0.5,
    "P3_AUROC": 0.451751864570884,
    "P3_CI_lower": 0.42039607084204217,
    "P3_CI_upper": 0.48030324413643466,
    "delta_raw": -0.009370130557782796,
    "delta_raw_CI_lower": -0.0386642784698216,
    "delta_raw_CI_upper": 0.020370676900929818,
    "delta_sae": -0.05761826598689879,
    "delta_sae_CI_lower": -0.1000096152729979,
    "delta_sae_CI_upper": -0.016116977358141747,
    "delta_sae_over_raw": -0.04824813542911599,
    "delta_sae_over_raw_CI_lower": -0.07960392915795785,
    "delta_sae_over_raw_CI_upper": -0.019696755863565344,
    "P4_RawOnly_AUROC": 0.5,
    "P4_RawOnly_CI_lower": 0.5,
    "P4_RawOnly_CI_upper": 0.5,
    "P5_SAEOnly_AUROC": 0.4529602426589613,
    "P5_SAEOnly_CI_lower": 0.4214985371812181,
    "P5_SAEOnly_CI_upper": 0.48229293521319616,
    "chosen_C": {
        "P1_InputStats": 1.0,
        "P2_InputStats_Raw": 0.0001,
        "P3_InputStats_SAE": 0.3,
        "P4_RawOnly": 0.0001,
        "P5_SAEOnly": 0.1
    }
}