{
    "n_total": 1000,
    "n_train": 700,
    "n_test": 300,
    "hard_fraction": 0.6666666666666666,
    "P1_AUROC": 0.5089499999999999,
    "P1_CI_lower": 0.44366185937185304,
    "P1_CI_upper": 0.5791378434936245,
    "P2_AUROC": 0.5135500000000001,
    "P2_CI_lower": 0.4463645699614891,
    "P2_CI_upper": 0.5841307013100611,
    "P3_AUROC": 0.48319999999999996,
    "P3_CI_lower": 0.41801810438065445,
    "P3_CI_upper": 0.5534836133880131,
    "delta_raw": 0.0046000000000001595,
    "delta_raw_CI_lower": -0.08457699559436099,
    "delta_raw_CI_upper": 0.09244918660287083,
    "delta_sae": -0.02574999999999994,
    "delta_sae_CI_lower": -0.12351360076334836,
    "delta_sae_CI_upper": 0.07015441075801268,
    "delta_sae_over_raw": -0.0303500000000001,
    "delta_sae_over_raw_CI_lower": -0.10972690181704754,
    "delta_sae_over_raw_CI_upper": 0.054293190332381086,
    "P4_RawOnly_AUROC": 0.5035999999999999,
    "P4_RawOnly_CI_lower": 0.4368216149412991,
    "P4_RawOnly_CI_upper": 0.5724616780590336,
    "P5_SAEOnly_AUROC": 0.48589999999999994,
    "P5_SAEOnly_CI_lower": 0.4195619775976918,
    "P5_SAEOnly_CI_upper": 0.5549579061948853,
    "chosen_C": {
        "P1_InputStats": 0.1,
        "P2_InputStats_Raw": 0.1,
        "P3_InputStats_SAE": 0.1,
        "P4_RawOnly": 0.1,
        "P5_SAEOnly": 0.1
    }
}