{
    "n_total": 1000,
    "n_train": 700,
    "n_test": 300,
    "hard_fraction": 0.6666666666666666,
    "P1_AUROC": 0.5089499999999999,
    "P1_CI_lower": 0.44366185937185304,
    "P1_CI_upper": 0.5791378434936245,
    "P2_AUROC": 0.5,
    "P2_CI_lower": 0.5,
    "P2_CI_upper": 0.5,
    "P3_AUROC": 0.4981000000000001,
    "P3_CI_lower": 0.4292055799980573,
    "P3_CI_upper": 0.5638768449571899,
    "delta_raw": -0.008949999999999902,
    "delta_raw_CI_lower": -0.07913784349362453,
    "delta_raw_CI_upper": 0.05633814062814694,
    "delta_sae": -0.010849999999999804,
    "delta_sae_CI_lower": -0.10896168563579278,
    "delta_sae_CI_upper": 0.08243330326506458,
    "delta_sae_over_raw": -0.0018999999999999018,
    "delta_sae_over_raw_CI_lower": -0.0707944200019427,
    "delta_sae_over_raw_CI_upper": 0.06387684495718988,
    "P4_RawOnly_AUROC": 0.5,
    "P4_RawOnly_CI_lower": 0.5,
    "P4_RawOnly_CI_upper": 0.5,
    "P5_SAEOnly_AUROC": 0.48935,
    "P5_SAEOnly_CI_lower": 0.4200929268982676,
    "P5_SAEOnly_CI_upper": 0.5563771369800462,
    "chosen_C": {
        "P1_InputStats": 0.1,
        "P2_InputStats_Raw": 0.0001,
        "P3_InputStats_SAE": 1.0,
        "P4_RawOnly": 0.0001,
        "P5_SAEOnly": 1.0
    }
}