{
    "n_total": 1000,
    "n_train": 700,
    "n_test": 299,
    "hard_fraction": 0.3076923076923077,
    "P1_AUROC": 0.8741860953581181,
    "P1_CI_lower": 0.8246130692846716,
    "P1_CI_upper": 0.9175782702307821,
    "P2_AUROC": 0.7174438143247216,
    "P2_CI_lower": 0.6441320614256026,
    "P2_CI_upper": 0.7838021115799322,
    "P3_AUROC": 0.7189140936777988,
    "P3_CI_lower": 0.6575941492628041,
    "P3_CI_upper": 0.781029390113207,
    "delta_raw": -0.1567422810333965,
    "delta_raw_CI_lower": -0.23697020635338154,
    "delta_raw_CI_upper": -0.07813700918964084,
    "delta_sae": -0.1552720016803193,
    "delta_sae_CI_lower": -0.23366543364169434,
    "delta_sae_CI_upper": -0.07506729901121305,
    "delta_sae_over_raw": 0.0014702793530771974,
    "delta_sae_over_raw_CI_lower": -0.06913087873059523,
    "delta_sae_over_raw_CI_upper": 0.0801069914647418,
    "P4_RawOnly_AUROC": 0.6789014912833439,
    "P4_RawOnly_CI_lower": 0.6049420355267134,
    "P4_RawOnly_CI_upper": 0.7495968477800253,
    "P5_SAEOnly_AUROC": 0.6761184625078764,
    "P5_SAEOnly_CI_lower": 0.6059283125890675,
    "P5_SAEOnly_CI_upper": 0.7445353550501354,
    "chosen_C": {
        "P1_InputStats": 1.0,
        "P2_InputStats_Raw": 1.0,
        "P3_InputStats_SAE": 0.1,
        "P4_RawOnly": 1.0,
        "P5_SAEOnly": 0.1
    }
}