{
    "n_total": 5000,
    "n_train": 3500,
    "n_test": 1500,
    "hard_fraction": 0.17733333333333334,
    "P1_AUROC": 0.5909810994260367,
    "P1_CI_lower": 0.5521392766194777,
    "P1_CI_upper": 0.6284609387275978,
    "P2_AUROC": 0.7083815698078259,
    "P2_CI_lower": 0.6761625957288058,
    "P2_CI_upper": 0.7393420079610429,
    "P3_AUROC": 0.628078502577351,
    "P3_CI_lower": 0.5935105219820757,
    "P3_CI_upper": 0.6617536981842743,
    "delta_raw": 0.11740047038178913,
    "delta_raw_CI_lower": 0.07232215941750982,
    "delta_raw_CI_upper": 0.1605258952246454,
    "delta_sae": 0.03709740315131427,
    "delta_sae_CI_lower": -0.008506703818361138,
    "delta_sae_CI_upper": 0.0802179494362581,
    "delta_sae_over_raw": -0.08030306723047487,
    "delta_sae_over_raw_CI_lower": -0.11946729281133027,
    "delta_sae_over_raw_CI_upper": -0.039890073113462446,
    "P4_RawOnly_AUROC": 0.7155591572123178,
    "P4_RawOnly_CI_lower": 0.6820957848232752,
    "P4_RawOnly_CI_upper": 0.7474098915041161,
    "P5_SAEOnly_AUROC": 0.6213914039555941,
    "P5_SAEOnly_CI_lower": 0.585353204167452,
    "P5_SAEOnly_CI_upper": 0.6559278804075288,
    "chosen_C": {
        "P1_InputStats": 1.0,
        "P2_InputStats_Raw": 0.1,
        "P3_InputStats_SAE": 0.03,
        "P4_RawOnly": 0.1,
        "P5_SAEOnly": 0.03
    }
}