{
    "n_total": 5000,
    "n_train": 3500,
    "n_test": 1500,
    "hard_fraction": 0.17733333333333334,
    "P1_AUROC": 0.5909810994260367,
    "P1_CI_lower": 0.5521308360191697,
    "P1_CI_upper": 0.6284639170427131,
    "P2_AUROC": 0.6711805851744433,
    "P2_CI_lower": 0.6382596026090736,
    "P2_CI_upper": 0.7036934501556621,
    "P3_AUROC": 0.5919255188213646,
    "P3_CI_lower": 0.5542268117348195,
    "P3_CI_upper": 0.6281991959357337,
    "delta_raw": 0.08019948574840663,
    "delta_raw_CI_lower": 0.039039422613812866,
    "delta_raw_CI_upper": 0.12136527884746633,
    "delta_sae": 0.0009444193953278557,
    "delta_sae_CI_lower": -0.04528877941674407,
    "delta_sae_CI_upper": 0.04629081411156268,
    "delta_sae_over_raw": -0.07925506635307877,
    "delta_sae_over_raw_CI_lower": -0.11838353318523022,
    "delta_sae_over_raw_CI_upper": -0.040951937763461406,
    "P4_RawOnly_AUROC": 0.6665742557365862,
    "P4_RawOnly_CI_lower": 0.6342870245726612,
    "P4_RawOnly_CI_upper": 0.6995034160628311,
    "P5_SAEOnly_AUROC": 0.5778140651466592,
    "P5_SAEOnly_CI_lower": 0.5390928388699356,
    "P5_SAEOnly_CI_upper": 0.6135457820867926,
    "chosen_C": {
        "P1_InputStats": 1.0,
        "P2_InputStats_Raw": 0.1,
        "P3_InputStats_SAE": 0.03,
        "P4_RawOnly": 0.1,
        "P5_SAEOnly": 0.03
    }
}