{
    "n_total": 5000,
    "n_train": 3500,
    "n_test": 1500,
    "hard_fraction": 0.17733333333333334,
    "P1_AUROC": 0.6260434311061284,
    "P1_CI_lower": 0.5870526585722455,
    "P1_CI_upper": 0.663280856381114,
    "P2_AUROC": 0.667716698553515,
    "P2_CI_lower": 0.634949154318971,
    "P2_CI_upper": 0.6999315055898794,
    "P3_AUROC": 0.5848301872996917,
    "P3_CI_lower": 0.5466952427428716,
    "P3_CI_upper": 0.6210729346432637,
    "delta_raw": 0.04167326744738664,
    "delta_raw_CI_lower": 0.0006912603989842175,
    "delta_raw_CI_upper": 0.08314133353332497,
    "delta_sae": -0.04121324380643665,
    "delta_sae_CI_lower": -0.09004817195819999,
    "delta_sae_CI_upper": 0.007022382241172062,
    "delta_sae_over_raw": -0.08288651125382329,
    "delta_sae_over_raw_CI_lower": -0.12198012917477108,
    "delta_sae_over_raw_CI_upper": -0.04530180372695884,
    "P4_RawOnly_AUROC": 0.6665620696798723,
    "P4_RawOnly_CI_lower": 0.6342417711549234,
    "P4_RawOnly_CI_upper": 0.699447018984693,
    "P5_SAEOnly_AUROC": 0.5778079721183023,
    "P5_SAEOnly_CI_lower": 0.5391068027882597,
    "P5_SAEOnly_CI_upper": 0.6135798142795639,
    "chosen_C": {
        "P1_InputStats": 1.0,
        "P2_InputStats_Raw": 0.1,
        "P3_InputStats_SAE": 0.03,
        "P4_RawOnly": 0.1,
        "P5_SAEOnly": 0.03
    }
}