{
  "label": "hellaswag_l12",
  "n_train": 3500,
  "C_grid": [
    0.0001,
    0.0003,
    0.001,
    0.003,
    0.01,
    0.03,
    0.1,
    0.3,
    1.0
  ],
  "probes": {
    "P1_InputStats": {
      "n_features": 8,
      "chosen_C": 1.0,
      "mean_cv_auc_per_C": {
        "0.0001": 0.5,
        "0.0003": 0.5,
        "0.001": 0.5,
        "0.003": 0.5,
        "0.01": 0.5,
        "0.03": 0.5079568553165356,
        "0.1": 0.518345140168323,
        "0.3": 0.5214019427217134,
        "1": 0.5225506223456245
      },
      "std_cv_auc_per_C": {
        "0.0001": 0.0,
        "0.0003": 0.0,
        "0.001": 0.0,
        "0.003": 0.0,
        "0.01": 0.0,
        "0.03": 0.023328399414006103,
        "0.1": 0.02132927796201731,
        "0.3": 0.023067029174416862,
        "1": 0.02379078306203008
      }
    },
    "P2_InputStats_Raw": {
      "n_features": 3080,
      "chosen_C": 0.3,
      "mean_cv_auc_per_C": {
        "0.0001": 0.5,
        "0.0003": 0.5,
        "0.001": 0.5,
        "0.003": 0.5,
        "0.01": 0.5087543572843415,
        "0.03": 0.5042374860523653,
        "0.1": 0.5062736244820994,
        "0.3": 0.5096020274887337,
        "1": 0.5034659331724489
      },
      "std_cv_auc_per_C": {
        "0.0001": 0.0,
        "0.0003": 0.0,
        "0.001": 0.0,
        "0.003": 0.0,
        "0.01": 0.017303790905182467,
        "0.03": 0.019211177325328375,
        "0.1": 0.01057468600320403,
        "0.3": 0.007872087488246492,
        "1": 0.00737423263791776
      }
    },
    "P3_InputStats_SAE": {
      "n_features": 12296,
      "chosen_C": 0.01,
      "mean_cv_auc_per_C": {
        "0.0001": 0.5,
        "0.0003": 0.5,
        "0.001": 0.5,
        "0.003": 0.5,
        "0.01": 0.506337632232227,
        "0.03": 0.4960963922118138,
        "0.1": 0.4902647671934332,
        "0.3": 0.494726280371245,
        "1": 0.4956171990554532
      },
      "std_cv_auc_per_C": {
        "0.0001": 0.0,
        "0.0003": 0.0,
        "0.001": 0.0,
        "0.003": 0.0,
        "0.01": 0.0070148749492825796,
        "0.03": 0.01127306535755947,
        "0.1": 0.015612364327022312,
        "0.3": 0.016781697229651792,
        "1": 0.011503564150224648
      }
    },
    "P4_RawOnly": {
      "n_features": 3072,
      "chosen_C": 0.01,
      "mean_cv_auc_per_C": {
        "0.0001": 0.5,
        "0.0003": 0.5,
        "0.001": 0.5,
        "0.003": 0.5,
        "0.01": 0.5087586821323231,
        "0.03": 0.5019003382031122,
        "0.1": 0.5028518047590628,
        "0.3": 0.5062476753942099,
        "1": 0.5019072579598827
      },
      "std_cv_auc_per_C": {
        "0.0001": 0.0,
        "0.0003": 0.0,
        "0.001": 0.0,
        "0.003": 0.0,
        "0.01": 0.017297375002438647,
        "0.03": 0.01929869905096073,
        "0.1": 0.011505270628977807,
        "0.3": 0.008431048871940206,
        "1": 0.007847277622421727
      }
    },
    "P5_SAEOnly": {
      "n_features": 12288,
      "chosen_C": 0.01,
      "mean_cv_auc_per_C": {
        "0.0001": 0.5,
        "0.0003": 0.5,
        "0.001": 0.5,
        "0.003": 0.5,
        "0.01": 0.506337632232227,
        "0.03": 0.49376875902812023,
        "0.1": 0.4872062347008502,
        "0.3": 0.49078201901203167,
        "1": 0.491377118094299
      },
      "std_cv_auc_per_C": {
        "0.0001": 0.0,
        "0.0003": 0.0,
        "0.001": 0.0,
        "0.003": 0.0,
        "0.01": 0.0070148749492825796,
        "0.03": 0.010538529655708093,
        "0.1": 0.015726197369516713,
        "0.3": 0.018240152183684646,
        "1": 0.012557714988774773
      }
    }
  }
}