{
  "label": "squad_l18",
  "n_train": 3500,
  "C_grid": [
    0.0001,
    0.0003,
    0.001,
    0.003,
    0.01,
    0.03,
    0.1,
    0.3,
    1.0
  ],
  "probes": {
    "P1_InputStats": {
      "n_features": 8,
      "chosen_C": 0.3,
      "mean_cv_auc_per_C": {
        "0.0001": 0.5,
        "0.0003": 0.5,
        "0.001": 0.5,
        "0.003": 0.5,
        "0.01": 0.6120925170068027,
        "0.03": 0.6153175510204081,
        "0.1": 0.6160859863945578,
        "0.3": 0.6164429931972789,
        "1": 0.6163798639455782
      },
      "std_cv_auc_per_C": {
        "0.0001": 0.0,
        "0.0003": 0.0,
        "0.001": 0.0,
        "0.003": 0.0,
        "0.01": 0.022990548943808527,
        "0.03": 0.02637438142651788,
        "0.1": 0.02854453309294428,
        "0.3": 0.028061922862140428,
        "1": 0.0280312165475169
      }
    },
    "P2_InputStats_Raw": {
      "n_features": 1032,
      "chosen_C": 0.1,
      "mean_cv_auc_per_C": {
        "0.0001": 0.5,
        "0.0003": 0.5,
        "0.001": 0.5,
        "0.003": 0.7222389115646257,
        "0.01": 0.7704707482993197,
        "0.03": 0.8077648979591837,
        "0.1": 0.8131167346938776,
        "0.3": 0.7921763265306123,
        "1": 0.7630650340136055
      },
      "std_cv_auc_per_C": {
        "0.0001": 0.0,
        "0.0003": 0.0,
        "0.001": 0.0,
        "0.003": 0.010851751772203449,
        "0.01": 0.008971552286425228,
        "0.03": 0.010622456987761618,
        "0.1": 0.007952761937534449,
        "0.3": 0.008146891588028326,
        "1": 0.01255621161084015
      }
    },
    "P3_InputStats_SAE": {
      "n_features": 4104,
      "chosen_C": 0.03,
      "mean_cv_auc_per_C": {
        "0.0001": 0.5,
        "0.0003": 0.5,
        "0.001": 0.5,
        "0.003": 0.5374650340136056,
        "0.01": 0.7318595918367348,
        "0.03": 0.7522786394557823,
        "0.1": 0.7334661224489796,
        "0.3": 0.7208968707482993,
        "1": 0.7149551020408162
      },
      "std_cv_auc_per_C": {
        "0.0001": 0.0,
        "0.0003": 0.0,
        "0.001": 0.0,
        "0.003": 0.020216010814863922,
        "0.01": 0.019028976346191967,
        "0.03": 0.011754817028542768,
        "0.1": 0.013316493978321858,
        "0.3": 0.011201578278752818,
        "1": 0.009670319224534
      }
    },
    "P4_RawOnly": {
      "n_features": 1024,
      "chosen_C": 0.1,
      "mean_cv_auc_per_C": {
        "0.0001": 0.5,
        "0.0003": 0.5,
        "0.001": 0.5,
        "0.003": 0.7222193197278911,
        "0.01": 0.7703629931972789,
        "0.03": 0.8059025850340136,
        "0.1": 0.810304217687075,
        "0.3": 0.7883853061224491,
        "1": 0.7600141496598639
      },
      "std_cv_auc_per_C": {
        "0.0001": 0.0,
        "0.0003": 0.0,
        "0.001": 0.0,
        "0.003": 0.010871282709314783,
        "0.01": 0.00908425299505327,
        "0.03": 0.009819100973651778,
        "0.1": 0.007264031766756354,
        "0.3": 0.008230474818551695,
        "1": 0.012975566557338458
      }
    },
    "P5_SAEOnly": {
      "n_features": 4096,
      "chosen_C": 0.03,
      "mean_cv_auc_per_C": {
        "0.0001": 0.5,
        "0.0003": 0.5,
        "0.001": 0.5,
        "0.003": 0.5374650340136056,
        "0.01": 0.7207956462585033,
        "0.03": 0.7464772789115648,
        "0.1": 0.7276157823129251,
        "0.3": 0.7151945578231291,
        "1": 0.710050612244898
      },
      "std_cv_auc_per_C": {
        "0.0001": 0.0,
        "0.0003": 0.0,
        "0.001": 0.0,
        "0.003": 0.020216010814863922,
        "0.01": 0.017254056072174385,
        "0.03": 0.012202493299442495,
        "0.1": 0.015469005591818812,
        "0.3": 0.011463517933736388,
        "1": 0.009799035875815305
      }
    }
  }
}