{
  "label": "squad_l12",
  "n_train": 3500,
  "C_grid": [
    0.0001,
    0.0003,
    0.001,
    0.003,
    0.01,
    0.03,
    0.1,
    0.3,
    1.0
  ],
  "probes": {
    "P1_InputStats": {
      "n_features": 8,
      "chosen_C": 0.3,
      "mean_cv_auc_per_C": {
        "0.0001": 0.5,
        "0.0003": 0.5,
        "0.001": 0.5,
        "0.003": 0.5,
        "0.01": 0.6120925170068027,
        "0.03": 0.6153066666666666,
        "0.1": 0.6160816326530613,
        "0.3": 0.6164386394557824,
        "1": 0.6163863945578231
      },
      "std_cv_auc_per_C": {
        "0.0001": 0.0,
        "0.0003": 0.0,
        "0.001": 0.0,
        "0.003": 0.0,
        "0.01": 0.022990548943808527,
        "0.03": 0.02637596474798009,
        "0.1": 0.02854714842642103,
        "0.3": 0.028060891058501437,
        "1": 0.028036085616914473
      }
    },
    "P2_InputStats_Raw": {
      "n_features": 1032,
      "chosen_C": 0.1,
      "mean_cv_auc_per_C": {
        "0.0001": 0.5,
        "0.0003": 0.5,
        "0.001": 0.5,
        "0.003": 0.6807847619047619,
        "0.01": 0.7493474829931973,
        "0.03": 0.7695956462585033,
        "0.1": 0.7746895238095238,
        "0.3": 0.766488163265306,
        "1": 0.7406476190476191
      },
      "std_cv_auc_per_C": {
        "0.0001": 0.0,
        "0.0003": 0.0,
        "0.001": 0.0,
        "0.003": 0.01048870475809241,
        "0.01": 0.015571619036944059,
        "0.03": 0.01662301407385073,
        "0.1": 0.01636545397414645,
        "0.3": 0.009004101878383457,
        "1": 0.008779174260118558
      }
    },
    "P3_InputStats_SAE": {
      "n_features": 4104,
      "chosen_C": 0.03,
      "mean_cv_auc_per_C": {
        "0.0001": 0.5,
        "0.0003": 0.5,
        "0.001": 0.5,
        "0.003": 0.5,
        "0.01": 0.6944751020408163,
        "0.03": 0.7243657142857142,
        "0.1": 0.705352925170068,
        "0.3": 0.6956625850340137,
        "1": 0.6923461224489798
      },
      "std_cv_auc_per_C": {
        "0.0001": 0.0,
        "0.0003": 0.0,
        "0.001": 0.0,
        "0.003": 0.0,
        "0.01": 0.015663565049020237,
        "0.03": 0.018052072752672423,
        "0.1": 0.016394365236681852,
        "0.3": 0.015057651156341091,
        "1": 0.01617306323888988
      }
    },
    "P4_RawOnly": {
      "n_features": 1024,
      "chosen_C": 0.1,
      "mean_cv_auc_per_C": {
        "0.0001": 0.5,
        "0.0003": 0.5,
        "0.001": 0.5,
        "0.003": 0.6807455782312924,
        "0.01": 0.7484288435374149,
        "0.03": 0.7635515646258504,
        "0.1": 0.7702998639455783,
        "0.3": 0.7636712925170068,
        "1": 0.7401066666666667
      },
      "std_cv_auc_per_C": {
        "0.0001": 0.0,
        "0.0003": 0.0,
        "0.001": 0.0,
        "0.003": 0.010497453322697218,
        "0.01": 0.015525525655915778,
        "0.03": 0.014338884856799492,
        "0.1": 0.014371899340611555,
        "0.3": 0.0073358619244411356,
        "1": 0.008230062565104565
      }
    },
    "P5_SAEOnly": {
      "n_features": 4096,
      "chosen_C": 0.03,
      "mean_cv_auc_per_C": {
        "0.0001": 0.5,
        "0.0003": 0.5,
        "0.001": 0.5,
        "0.003": 0.5,
        "0.01": 0.6762644897959185,
        "0.03": 0.7178318367346939,
        "0.1": 0.7001153741496599,
        "0.3": 0.6889632653061224,
        "1": 0.6844527891156463
      },
      "std_cv_auc_per_C": {
        "0.0001": 0.0,
        "0.0003": 0.0,
        "0.001": 0.0,
        "0.003": 0.0,
        "0.01": 0.00946153562944272,
        "0.03": 0.017648670846706127,
        "0.1": 0.01679221092758631,
        "0.3": 0.013954441915200334,
        "1": 0.014424698724308077
      }
    }
  }
}